CRN,deptCode,courseNum,courseName
28779,APEX,100,Academic Program of Excellence
25794,APEX,100,Academic Program of Excellence
24337,ANTH,110,Intro to Anthropology
32313,ANTH,110,Intro to Anthropology
44362,ANTH,215,Archaeology & Native Peoples
48434,ANTH,215,Archaeology & Native Peoples
49760,ANTH,260,Evolution of Civilization
45549,ANTH,260,Evolution of Civilization
26936,ANTH,303,Anthropological Theory
18768,ANTH,303,Anthropological Theory
38501,ANTH,304,Principles & Meth of Fieldwork
24792,ANTH,304,Principles & Meth of Fieldwork
18518,ANTH,315,Health & Medicine
49998,ANTH,315,Health & Medicine
49033,ANTH,335,Cultural & Social Anthropology
45290,ANTH,335,Cultural & Social Anthropology
16548,ANTH,360,Archaeology of Anc Near East
34920,ANTH,360,Archaeology of Anc Near East
29506,ANTH,383,First Nations/Mi'kmaq Studies
16402,ANTH,383,First Nations/Mi'kmaq Studies
46102,ANTH,418,Area & Regional Studies
42972,ANTH,418,Area & Regional Studies
30369,AQUA,100,Intro to Aquatic Resources
39795,AQUA,100,Intro to Aquatic Resources
36181,AQUA,450,Sen Seminar Aquatic Resources
18762,AQUA,450,Sen Seminar Aquatic Resources
10405,ART,100,Drawing
35073,ART,100,Drawing
10767,ART,115,Intro to Design
22795,ART,115,Intro to Design
37881,ART,125,Materials & Methods
30440,ART,125,Materials & Methods
29683,ART,141,History of Art I
20541,ART,141,History of Art I
35439,ART,142,History of Art II
40025,ART,142,History of Art II
22623,ART,145,Introduction to Color
14937,ART,145,Introduction to Color
12212,ART,200,Painting I
40093,ART,200,Painting I
43668,ART,202,Scenic Design & Stage Lighting
28485,ART,202,Scenic Design & Stage Lighting
44254,ART,203,Stage & Costume Design
36680,ART,203,Stage & Costume Design
20694,ART,211,Stained Glass Studio I
32339,ART,211,Stained Glass Studio I
12771,ART,212,Stained Glass Studio II
48443,ART,212,Stained Glass Studio II
27948,ART,221,Batik Studio
24571,ART,221,Batik Studio
23768,ART,222,Weaving Studio
42136,ART,222,Weaving Studio
44342,ART,231,Etching Studio I
46289,ART,231,Etching Studio I
14342,ART,232,Etching Studio II
14094,ART,232,Etching Studio II
37180,ART,240,Pastels
34492,ART,240,Pastels
38005,ART,255,L'scape & Floral in Watercolor
24575,ART,255,L'scape & Floral in Watercolor
24511,ART,258,Impressionism
32084,ART,258,Impressionism
45176,ART,260,20th Century: Modern Art
11361,ART,260,20th Century: Modern Art
24428,ART,320,Painting II
41480,ART,320,Painting II
14016,ART,343,Issues in Cdn Art Through WWII
25244,ART,343,Issues in Cdn Art Through WWII
32797,ART,346,Botanical Arts: Drawing
29315,ART,346,Botanical Arts: Drawing
14547,ART,347,Botanical Arts: Painting
18667,ART,347,Botanical Arts: Painting
47953,ART,350,Anatomy for the Artist
48156,ART,350,Anatomy for the Artist
13164,ART,370,Italian Renaissance Art
22585,ART,370,Italian Renaissance Art
26801,ART,372,Northern Renaissance
16262,ART,372,Northern Renaissance
38237,ART,385,Advanced Drawing I
49488,ART,385,Advanced Drawing I
24995,ART,386,Advanced Drawing III
12788,ART,386,Advanced Drawing III
46956,ART,387,Cartooning & Humorous Illustra
32177,ART,387,Cartooning & Humorous Illustra
42795,BIOL,105,Basic Cell Biology
39483,BIOL,105,Basic Cell Biology
38949,BIOL,111,Intro Cell Biology
30929,BIOL,111,Intro Cell Biology
33829,BIOL,112,Diversity of Life
43216,BIOL,112,Diversity of Life
25311,BIOL,115,Microbes in Human Biology
31401,BIOL,115,Microbes in Human Biology
45455,BIOL,201,Animal Biology
36687,BIOL,201,Animal Biology
24263,BIOL,202,Plant Biology
22336,BIOL,202,Plant Biology
46154,BIOL,203,Intro Ecology
23300,BIOL,203,Intro Ecology
39140,BIOL,204,Intro Genetics
11762,BIOL,204,Intro Genetics
48959,BIOL,207,Intro to Natural History
29805,BIOL,207,Intro to Natural History
21727,BIOL,220,Current Topics in Biol (Arts)
28048,BIOL,220,Current Topics in Biol (Arts)
16684,BIOL,251,Human Anatomy & Physiology I
27349,BIOL,251,Human Anatomy & Physiology I
34569,BIOL,252,Human Anatomy & Physiology II
21695,BIOL,252,Human Anatomy & Physiology II
10793,BIOL,285,Paleontology: History of Life
33493,BIOL,285,Paleontology: History of Life
38438,BIOL,301,Form & Function in Animals
30272,BIOL,301,Form & Function in Animals
35095,BIOL,302,Evolution
34915,BIOL,302,Evolution
18313,BIOL,303,Human Biomechanics
41515,BIOL,303,Human Biomechanics
10701,BIOL,304,Vertebrate Physiology
42104,BIOL,304,Vertebrate Physiology
37072,BIOL,307,Field Biology
47922,BIOL,307,Field Biology
47720,BIOL,311,Marine Biology I
44421,BIOL,311,Marine Biology I
42750,BIOL,312,Marine Biology II
28499,BIOL,312,Marine Biology II
15312,BIOL,315,Intro Microbiology
23744,BIOL,315,Intro Microbiology
10143,BIOL,317,Molecular Biology
37034,BIOL,317,Molecular Biology
48866,BIOL,320,Biology of Cancer
33934,BIOL,320,Biology of Cancer
18275,BIOL,321,Env Ecol of Mariculture
31786,BIOL,321,Env Ecol of Mariculture
10961,BIOL,322,Marine Pollution
30558,BIOL,322,Marine Pollution
31184,BIOL,325,Physiological Ecology
29611,BIOL,325,Physiological Ecology
37871,BIOL,331,Biostatistics
29322,BIOL,331,Biostatistics
27071,BIOL,343,Comp Anatomy of Vertebrates
21777,BIOL,343,Comp Anatomy of Vertebrates
19743,BIOL,345,Communities & Ecosystems
10742,BIOL,345,Communities & Ecosystems
28169,BIOL,373,Wildlife Ecology
36304,BIOL,373,Wildlife Ecology
33009,BIOL,385,Animal Behavior
43302,BIOL,385,Animal Behavior
16365,BIOL,390,Plant Physiology
48125,BIOL,390,Plant Physiology
12856,BIOL,395,Cell Biology
22854,BIOL,395,Cell Biology
20178,BIOL,401,Comp Physiology & Biophysics
29556,BIOL,401,Comp Physiology & Biophysics
43427,BIOL,403,The Physiology of Sensations
24862,BIOL,403,The Physiology of Sensations
39409,BIOL,407,Integrated Resource Management
21930,BIOL,407,Integrated Resource Management
27598,BIOL,417,Microbial Pathogenics
21389,BIOL,417,Microbial Pathogenics
14550,BIOL,425,Advanced Cell Biology
19726,BIOL,425,Advanced Cell Biology
32405,BIOL,435,Advanced Embryology
38545,BIOL,435,Advanced Embryology
43361,BIOL,450,Behavioral Neuroscience
28934,BIOL,450,Behavioral Neuroscience
35247,BIOL,470,Environmental Microbiology
48754,BIOL,470,Environmental Microbiology
37869,BIOL,472,Freshwater Ecology
17339,BIOL,472,Freshwater Ecology
40872,BIOL,474,Soil Ecology
25983,BIOL,474,Soil Ecology
38101,BIOL,475,Accessing Biological Literatur
49686,BIOL,475,Accessing Biological Literatur
25091,BIOL,485,Experimental Research
28742,BIOL,485,Experimental Research
38173,BIOL,491,Senior Seminar
47458,BIOL,491,Senior Seminar
30027,BIOL,493,Honours Thesis
13146,BIOL,493,Honours Thesis
35354,BIOL,499,Applied Biomechanics
46261,BIOL,499,Applied Biomechanics
32120,BSAD,101,Intro to Business
37650,BSAD,101,Intro to Business
49778,BSAD,102,Business Decision Making
12880,BSAD,102,Business Decision Making
47610,BSAD,221,Intro Financial Accounting
33078,BSAD,221,Intro Financial Accounting
10823,BSAD,223,Intro Managerial Accounting
41034,BSAD,223,Intro Managerial Accounting
10337,BSAD,231,Foundations of Marketing
31079,BSAD,231,Foundations of Marketing
18827,BSAD,261,Foundations of Management
16404,BSAD,261,Foundations of Management
22131,BSAD,319,Mgmt of Information Technology
30269,BSAD,319,Mgmt of Information Technology
24928,BSAD,321,Intermed Managerial Account I
46647,BSAD,321,Intermed Managerial Account I
48913,BSAD,322,Intermed Managerial Account II
43288,BSAD,322,Intermed Managerial Account II
21873,BSAD,323,Intermed Financ Accounting I
32511,BSAD,323,Intermed Financ Accounting I
21126,BSAD,324,Intermed Financ Accounting II
17088,BSAD,324,Intermed Financ Accounting II
25172,BSAD,331,Marketing Management
18324,BSAD,331,Marketing Management
10191,BSAD,332,Marketing Research
26084,BSAD,332,Marketing Research
23477,BSAD,333,Prof Sales: Bldg Relationships
49152,BSAD,333,Prof Sales: Bldg Relationships
41409,BSAD,341,Intro Financial Management
35694,BSAD,341,Intro Financial Management
31254,BSAD,342,Cases in Financial Management
47570,BSAD,342,Cases in Financial Management
46602,BSAD,343,Cdn Securities & Markets
31138,BSAD,343,Cdn Securities & Markets
37030,BSAD,345,Personal Financial Management
39422,BSAD,345,Personal Financial Management
25394,BSAD,351,Business Law
19723,BSAD,351,Business Law
39011,BSAD,356,Entrepre & Venture Creation
27812,BSAD,356,Entrepre & Venture Creation
39102,BSAD,357,International Business Mgmt
23669,BSAD,357,International Business Mgmt
31349,BSAD,358,Business & Society
19919,BSAD,358,Business & Society
37302,BSAD,361,Organizational Analysis
13046,BSAD,361,Organizational Analysis
27463,BSAD,362,Career Dynamics
24410,BSAD,362,Career Dynamics
18341,BSAD,363,Human Resource Development
26527,BSAD,363,Human Resource Development
17718,BSAD,381,Operations Management
14454,BSAD,381,Operations Management
13163,BSAD,391,Found of Management Research
23445,BSAD,391,Found of Management Research
30921,BSAD,415,Electronic Business
11601,BSAD,415,Electronic Business
43233,BSAD,416,Project Management & Practice
12201,BSAD,416,Project Management & Practice
28165,BSAD,424,Financial Accounting Theory
18606,BSAD,424,Financial Accounting Theory
25470,BSAD,425,Auditing
28437,BSAD,425,Auditing
36146,BSAD,426,Adv Financial Accounting I
25831,BSAD,426,Adv Financial Accounting I
49004,BSAD,428,Adv Financial Accounting II
33138,BSAD,428,Adv Financial Accounting II
47281,BSAD,431,Services & Non-Profit Mrkting
42672,BSAD,431,Services & Non-Profit Mrkting
26475,BSAD,432,Retailing
38345,BSAD,432,Retailing
29210,BSAD,434,Marketing Communications
11654,BSAD,434,Marketing Communications
34601,BSAD,435,Sales Force Management
28306,BSAD,435,Sales Force Management
46798,BSAD,443,Investment Management
10981,BSAD,443,Investment Management
24772,BSAD,446,Investment Portfolio Mgmt
47434,BSAD,446,Investment Portfolio Mgmt
28874,BSAD,448,International Financial Mgmt
36812,BSAD,448,International Financial Mgmt
34178,BSAD,454,Taxation
21236,BSAD,454,Taxation
43405,BSAD,457,Community Enterprise Develpmnt
38876,BSAD,457,Community Enterprise Develpmnt
47270,BSAD,458,Research Proj: Enterprise Dev
16269,BSAD,458,Research Proj: Enterprise Dev
18437,BSAD,461,Leadership
39412,BSAD,461,Leadership
12279,BSAD,464,Negotiation & Conflict Mgmt
42856,BSAD,464,Negotiation & Conflict Mgmt
34232,BSAD,466,Lesson in Leadership
30397,BSAD,466,Lesson in Leadership
26170,BSAD,471,Business Policy
41692,BSAD,471,Business Policy
49734,BSAD,472,"""""""Bus"""
39346,BSAD,472,"""""""Bus"""
41276,BSAD,492,Consulting Project for Majors
35584,BSAD,492,Consulting Project for Majors
25259,BSAD,494,Honours Thesis
39986,BSAD,494,Honours Thesis
31492,CATH,200,Intro to Catholic Traditions
23215,CATH,200,Intro to Catholic Traditions
15704,CATH,241,Sin & Salvation Catholic Trad
43872,CATH,241,Sin & Salvation Catholic Trad
42027,CATH,245,Christ in the Catholic Trad
44059,CATH,245,Christ in the Catholic Trad
42982,CELT,100,Scottish Gaelic
29596,CELT,100,Scottish Gaelic
43178,CELT,110,Irish Gaelic
31622,CELT,110,Irish Gaelic
41166,CELT,120,Celtic Literature
18590,CELT,120,Celtic Literature
13768,CELT,131,Celtic Civilization I
37090,CELT,131,Celtic Civilization I
25323,CELT,132,Celtic Civilization II
42634,CELT,132,Celtic Civilization II
19782,CELT,200,Second Year Scottish Gaelic
29167,CELT,200,Second Year Scottish Gaelic
17298,CELT,300,Third Year Gaelic
36633,CELT,300,Third Year Gaelic
43097,CELT,333,Scottish Gael: Old World & New
28436,CELT,333,Scottish Gael: Old World & New
22295,CELT,340,Scottish Gaelic Bardic Poetry
49747,CELT,340,Scottish Gaelic Bardic Poetry
43628,CELT,350,Folklore of Ireland & Scotland
13505,CELT,350,Folklore of Ireland & Scotland
11021,CELT,361,Selected Topics I
34374,CELT,361,Selected Topics I
20078,CELT,362,Selected Topics II
25622,CELT,362,Selected Topics II
24666,CELT,420,Seminar Scott Gaelic Imm Lit
16883,CELT,420,Seminar Scott Gaelic Imm Lit
21177,CELT,490,Honours Thesis
28496,CELT,490,Honours Thesis
18180,CHEM,100,General Chemistry
49294,CHEM,100,General Chemistry
15266,CHEM,120,Principles of Chemistry
11507,CHEM,120,Principles of Chemistry
18850,CHEM,150,General & Biological Chemistry
16978,CHEM,150,General & Biological Chemistry
41804,CHEM,220,Organic Chemistry
26765,CHEM,220,Organic Chemistry
13639,CHEM,222,Organic Chemistry II
46597,CHEM,222,Organic Chemistry II
15806,CHEM,225,Principles of Organic Chem
36040,CHEM,225,Principles of Organic Chem
12322,CHEM,231,Physical Chemistry I
33941,CHEM,231,Physical Chemistry I
21215,CHEM,232,Physical Chemistry II
11967,CHEM,232,Physical Chemistry II
11027,CHEM,245,Basic Inorganic Chemistry
16116,CHEM,245,Basic Inorganic Chemistry
45370,CHEM,255,Intro Biochemistry
24459,CHEM,255,Intro Biochemistry
23449,CHEM,265,Basic Analytical Chemistry
21683,CHEM,265,Basic Analytical Chemistry
31489,CHEM,321,Intermediate Organic Chemistry
37570,CHEM,321,Intermediate Organic Chemistry
41333,CHEM,322,Heterocyclic Chemistry
13374,CHEM,322,Heterocyclic Chemistry
24536,CHEM,330,Physical Chemistry III
23217,CHEM,330,Physical Chemistry III
26662,CHEM,341,Inorganic & Theoret Chem I
13505,CHEM,341,Inorganic & Theoret Chem I
14643,CHEM,342,Inorganic & Theoret Chem II
29699,CHEM,342,Inorganic & Theoret Chem II
33684,CHEM,360,Instrumental Analytical Chem
18503,CHEM,360,Instrumental Analytical Chem
47894,CHEM,375,Chemical Informatics
39397,CHEM,375,Chemical Informatics
49557,CHEM,381,Industrial Chemistry
37633,CHEM,381,Industrial Chemistry
45054,CHEM,391,Chemistry Seminar I
45091,CHEM,391,Chemistry Seminar I
20902,CHEM,411,Computational Chemistry
34287,CHEM,411,Computational Chemistry
29801,CHEM,420,Phys Organ Chem & Spectroscopy
15367,CHEM,420,Phys Organ Chem & Spectroscopy
31685,CHEM,434,Colloids & Interfaces
49303,CHEM,434,Colloids & Interfaces
14784,CHEM,442,Bio-Inorganic Chemistry
20052,CHEM,442,Bio-Inorganic Chemistry
19812,CHEM,450,Bio-Organic Chemistry
46189,CHEM,450,Bio-Organic Chemistry
14897,CHEM,455,Medicinal Chemistry
48599,CHEM,455,Medicinal Chemistry
42170,CHEM,461,Topics Instrument & Analysis
13952,CHEM,461,Topics Instrument & Analysis
19975,CHEM,491,Chemistry Seminar II
27488,CHEM,491,Chemistry Seminar II
34951,CHEM,493,Honours Thesis
41533,CHEM,493,Honours Thesis
24635,CLAS,110,Latin I
20084,CLAS,110,Latin I
12490,CLAS,240,Greek Lit in Translation
16526,CLAS,240,Greek Lit in Translation
48083,CSCI,100,Introduction to Computing
14989,CSCI,100,Introduction to Computing
38751,CSCI,125,Computer Programming in C
16225,CSCI,125,Computer Programming in C
23394,CSCI,161,Intro to Programming
27992,CSCI,161,Intro to Programming
22734,CSCI,162,Programming & Data Structures
26160,CSCI,162,Programming & Data Structures
15281,CSCI,235,Micro-Computers in Science
19071,CSCI,235,Micro-Computers in Science
11634,CSCI,254,Object-Oriented Methodologies
34694,CSCI,254,Object-Oriented Methodologies
34882,CSCI,256,Data Struct & Algorithm Analy
34989,CSCI,256,Data Struct & Algorithm Analy
48762,CSCI,275,Database Management Systems
38060,CSCI,275,Database Management Systems
14824,CSCI,335,Operations Research
47429,CSCI,335,Operations Research
16919,CSCI,356,Theory of Computing
31846,CSCI,356,Theory of Computing
43629,CSCI,375,Operating Systems
21762,CSCI,375,Operating Systems
38580,CSCI,383,Object-Oriented Prgm & Design
43936,CSCI,383,Object-Oriented Prgm & Design
15412,CSCI,455,Parallel Computing
24088,CSCI,455,Parallel Computing
25657,CSCI,355,Algorithm Analysis
37932,CSCI,355,Algorithm Analysis
33865,CSCI,467,Computer & Network Security
43895,CSCI,467,Computer & Network Security
34747,CSCI,483,Interactive Programming Java
41668,CSCI,483,Interactive Programming Java
29637,CSCI,485,Software Design
20384,CSCI,485,Software Design
29661,CSCI,487,Org of Programming Languages
32811,CSCI,487,Org of Programming Languages
34076,CSCI,491,Senior Seminar
39607,CSCI,491,Senior Seminar
14137,CSCI,493,Senior Honours Thesis
32764,CSCI,493,Senior Honours Thesis
37671,DEVS,200,Intro to International Develop
20344,DEVS,200,Intro to International Develop
21813,DEVS,300,Globalization & Development
15090,DEVS,300,Globalization & Development
30302,DEVS,310,Internship II
21445,DEVS,310,Internship II
47442,DEVS,405,Community-Based Dev
46001,DEVS,405,Community-Based Dev
22372,ESCI,170,Understanding the Earth
46755,ESCI,170,Understanding the Earth
28615,ESCI,171,Understanding the Earth I
26395,ESCI,171,Understanding the Earth I
30883,ESCI,172,Understanding the Earth II
37652,ESCI,172,Understanding the Earth II
10804,ESCI,201,Crystal Chem & Mineralogy
45197,ESCI,201,Crystal Chem & Mineralogy
39295,ESCI,202,Intro to Igneous & Metamorphic
22208,ESCI,202,Intro to Igneous & Metamorphic
30668,ESCI,215,Sedimentology & Stratigraphy
15632,ESCI,215,Sedimentology & Stratigraphy
15394,ESCI,216,Earth History
16291,ESCI,216,Earth History
33336,ESCI,245,Structural Geology
17382,ESCI,245,Structural Geology
41984,ESCI,246,Quantitative Methods Earth Sci
23562,ESCI,246,Quantitative Methods Earth Sci
23162,ESCI,271,Environmental Earth Science
36364,ESCI,271,Environmental Earth Science
45858,ESCI,272,Global Change & Climate System
41632,ESCI,272,Global Change & Climate System
46910,ESCI,273,Health & the Environment
40123,ESCI,273,Health & the Environment
16464,ESCI,274,Health Impacts of Global Chng
11251,ESCI,274,Health Impacts of Global Chng
47193,ESCI,275,Geological Field Methods
12871,ESCI,275,Geological Field Methods
25687,ESCI,276,Envir Earth Sci Field Course
49116,ESCI,276,Envir Earth Sci Field Course
27897,ESCI,285,Paleontology: History of Life
14055,ESCI,285,Paleontology: History of Life
24421,ESCI,301,Genesis of Igneous Rocks
17533,ESCI,301,Genesis of Igneous Rocks
30363,ESCI,305,Geochemistry of Natural Waters
25335,ESCI,305,Geochemistry of Natural Waters
31223,ESCI,365,Geomorphol & Quanternary Geol
29234,ESCI,365,Geomorphol & Quanternary Geol
26093,ESCI,366,Hydrology
44857,ESCI,366,Hydrology
28632,ESCI,386,Oceanography
15379,ESCI,386,Oceanography
40754,ESCI,426,Ore Petrogenesis
15698,ESCI,426,Ore Petrogenesis
46151,ESCI,435,Adv Structure & Tectonics
30536,ESCI,435,Adv Structure & Tectonics
24586,ESCI,446,Adv Sediment & Basin Analysis
14444,ESCI,446,Adv Sediment & Basin Analysis
28048,ESCI,465,Hydrogeology
43577,ESCI,465,Hydrogeology
25217,ESCI,471,Geographic Info Systems
25024,ESCI,471,Geographic Info Systems
11996,ESCI,472,Ocean-Atmosphere Interactions
47070,ESCI,472,Ocean-Atmosphere Interactions
16565,ESCI,476,Adv Geological Field Methods
21123,ESCI,476,Adv Geological Field Methods
24021,ESCI,491,Senior Seminar
37355,ESCI,491,Senior Seminar
12138,ESCI,493,Senior Dissertation
44932,ESCI,493,Senior Dissertation
24275,ECON,100,Intro Economics
45221,ECON,100,Intro Economics
33883,ECON,102,Intro Economics II
42052,ECON,102,Intro Economics II
31333,ECON,221,Intermediate Macroeconomics I
11151,ECON,221,Intermediate Macroeconomics I
35570,ECON,222,Intermediate Macroeconomics II
13017,ECON,222,Intermediate Macroeconomics II
36951,ECON,241,Cdn Econ Policy & Problems
40692,ECON,241,Cdn Econ Policy & Problems
49797,ECON,251,Intermd Microeconomic Theory I
37050,ECON,251,Intermd Microeconomic Theory I
33151,ECON,252,Interm Microeconomic Theory II
18740,ECON,252,Interm Microeconomic Theory II
13193,ECON,281,Environmental Economics
31862,ECON,281,Environmental Economics
27194,ECON,305,Economic Development I
45402,ECON,305,Economic Development I
43372,ECON,306,Economic Development II
13148,ECON,306,Economic Development II
44133,ECON,312,Industrial Organization
42874,ECON,312,Industrial Organization
44680,ECON,315,19-20th Century Cdn Econ Hist
18243,ECON,315,19-20th Century Cdn Econ Hist
16124,ECON,330,"""""""Money"""
45622,ECON,330,"""""""Money"""
23797,ECON,370,Econometric Methods
12447,ECON,370,Econometric Methods
19842,ECON,391,Public Finance I
19045,ECON,391,Public Finance I
12979,ECON,490,Seminar
14107,ECON,490,Seminar
28687,ENGR,121,Calculus I for Engineers
41323,ENGR,121,Calculus I for Engineers
31195,ENGR,122,Calculus II for Engineers
19357,ENGR,122,Calculus II for Engineers
33234,ENGR,133,Engr Design & Graphics I
30257,ENGR,133,Engr Design & Graphics I
47653,ENGR,136,Statics
44371,ENGR,136,Statics
49842,ENGR,144,Computer Programming for ENGR
48558,ENGR,144,Computer Programming for ENGR
33868,ENGR,221,Differential Equation for Engr
21939,ENGR,221,Differential Equation for Engr
24799,ENGR,222,Calculus III for Engineers
28971,ENGR,222,Calculus III for Engineers
17552,ENGR,223,Linear Algebra for Engineers
35923,ENGR,223,Linear Algebra for Engineers
36844,ENGR,224,Probability & Statistics
33327,ENGR,224,Probability & Statistics
11256,ENGR,227,Fundamentals of Chem Engr
33144,ENGR,227,Fundamentals of Chem Engr
36627,ENGR,228,Industrial Chemistry
43282,ENGR,228,Industrial Chemistry
20111,ENGR,231,Dynamics
30330,ENGR,231,Dynamics
27997,ENGR,233,Thermodynamics
41152,ENGR,233,Thermodynamics
43661,ENGR,234,Fluid Mechanics
35125,ENGR,234,Fluid Mechanics
12399,ENGR,235,Strength of Materials
29848,ENGR,235,Strength of Materials
20608,ENGR,236,Engr Design & Graphics II
28419,ENGR,236,Engr Design & Graphics II
16343,ENGR,237,Basic Electric Circuits Theory
44734,ENGR,237,Basic Electric Circuits Theory
45287,ENGR,238,Digital Logic
35575,ENGR,238,Digital Logic
37061,ENGR,242,Engineering Economics
14566,ENGR,242,Engineering Economics
28977,ENGR,244,Technical Communications
15401,ENGR,244,Technical Communications
28305,ENGR,245,Data Structures/Numerical Meth
30870,ENGR,245,Data Structures/Numerical Meth
18087,ENGR,246,Circuit Analysis
26843,ENGR,246,Circuit Analysis
20835,ENGR,248,Electrical Engineering Design
17230,ENGR,248,Electrical Engineering Design
44728,ENGR,252,System Analysis
35052,ENGR,252,System Analysis
21730,ENGL,100,Intro Survey Literature in Eng
35050,ENGL,100,Intro Survey Literature in Eng
43363,ENGL,202,Intro to Theatre & Acting I
23016,ENGL,202,Intro to Theatre & Acting I
39366,ENGL,203,Intro to Theatre & Acting II
44807,ENGL,203,Intro to Theatre & Acting II
36082,ENGL,207,World Masterpieces II
20156,ENGL,207,World Masterpieces II
46411,ENGL,209,Narrative in Fiction & Film
43650,ENGL,209,Narrative in Fiction & Film
32858,ENGL,222,Creative Non-Fiction/Memoir
15298,ENGL,222,Creative Non-Fiction/Memoir
12468,ENGL,229,Women in English Literature
48437,ENGL,229,Women in English Literature
33463,ENGL,231,Intro to Creative Writing
21993,ENGL,231,Intro to Creative Writing
32707,ENGL,247,Post-Colonial Literature
15691,ENGL,247,Post-Colonial Literature
15517,ENGL,250,Survey of 20th Century Lit
28164,ENGL,250,Survey of 20th Century Lit
42057,ENGL,265,Canadian Poetry & Prose
17058,ENGL,265,Canadian Poetry & Prose
12019,ENGL,270,Romantic Gothic: Poetry & Fict
18140,ENGL,270,Romantic Gothic: Poetry & Fict
42953,ENGL,271,Gothic Fiction: Novel
48499,ENGL,271,Gothic Fiction: Novel
13681,ENGL,305,Later Elizabethan Renaissance
11546,ENGL,305,Later Elizabethan Renaissance
42632,ENGL,317,Cultural Theory
21535,ENGL,317,Cultural Theory
32325,ENGL,329,Studies in Women Writers
29570,ENGL,329,Studies in Women Writers
40480,ENGL,331,Intermediate Creative Writing
42263,ENGL,331,Intermediate Creative Writing
28934,ENGL,340,Shakespeare
41561,ENGL,340,Shakespeare
48714,ENGL,341,Elizabethan Shakespeare
18327,ENGL,341,Elizabethan Shakespeare
14209,ENGL,343,19th-Century American Poetry
24235,ENGL,343,19th-Century American Poetry
38145,ENGL,345,Theory & Criticism to 1798
13975,ENGL,345,Theory & Criticism to 1798
21400,ENGL,347,African-Canadian Literature
49938,ENGL,347,African-Canadian Literature
13235,ENGL,350,Modern British Fiction
36813,ENGL,350,Modern British Fiction
10440,ENGL,355,Restor & 18th C Drama & Prose
48546,ENGL,355,Restor & 18th C Drama & Prose
41707,ENGL,356,18th Century Novel & Poetry
34953,ENGL,356,18th Century Novel & Poetry
38973,ENGL,367,The Canadian Novel
49786,ENGL,367,The Canadian Novel
26792,ENGL,370,English Romantic Literature
15241,ENGL,370,English Romantic Literature
23220,ENGL,376,Modern American Fiction
39193,ENGL,376,Modern American Fiction
18742,ENGL,377,19th-Century Fiction
24123,ENGL,377,19th-Century Fiction
13824,ENGL,420,Seminar: Modern Poetry
38582,ENGL,420,Seminar: Modern Poetry
17389,ENGL,445,Seminar: Critical Theory
27493,ENGL,445,Seminar: Critical Theory
35370,ENGL,480,Seminar: Spenser & Milton
31664,ENGL,480,Seminar: Spenser & Milton
42988,ENGL,496,Research Methods in Eng Lit
32516,ENGL,496,Research Methods in Eng Lit
38986,ENGL,497,Advanced Major Thesis
23508,ENGL,497,Advanced Major Thesis
17109,ENGL,498,Honours Thesis
10196,ENGL,498,Honours Thesis
10833,EXEL,100,Excel
11120,EXEL,100,Excel
36706,FREN,110,French Language I
41713,FREN,110,French Language I
13524,FREN,115,French Language II
18248,FREN,115,French Language II
48378,FREN,215,French Language III
23614,FREN,215,French Language III
19494,FREN,216,Survey of French Literature
31304,FREN,216,Survey of French Literature
22255,FREN,220,Language & Culture
31634,FREN,220,Language & Culture
24759,FREN,300,French Humanism
16763,FREN,300,French Humanism
27661,FREN,314,Effective Writing in French
23423,FREN,314,Effective Writing in French
36462,FREN,316,17th Century French Literature
44183,FREN,316,17th Century French Literature
26628,FREN,321,French Cinema
40786,FREN,321,French Cinema
40574,FREN,336,19th Century French Literature
15239,FREN,336,19th Century French Literature
45661,FREN,346,20th Century French Literature
20447,FREN,346,20th Century French Literature
23112,FREN,376,Acadian Literature
22136,FREN,376,Acadian Literature
46869,FREN,456,Literary Criticism
25165,FREN,456,Literary Criticism
38659,GERM,100,First Year German
29684,GERM,100,First Year German
49726,GERM,200,Second Year German
44985,GERM,200,Second Year German
30151,HIST,100,Western Civilization
25265,HIST,100,Western Civilization
33530,HIST,110,Global History Since 1300
41094,HIST,110,Global History Since 1300
26901,HIST,200,History of Canada
24872,HIST,200,History of Canada
10645,HIST,202,Western Canada: The Prairies
36434,HIST,202,Western Canada: The Prairies
48501,HIST,204,Western Canada: BC
29667,HIST,204,Western Canada: BC
26517,HIST,209,Maritimes 1500-1950
37415,HIST,209,Maritimes 1500-1950
12769,HIST,230,Growth of Western Society
10434,HIST,230,Growth of Western Society
12049,HIST,242,United States to 1865
14098,HIST,242,United States to 1865
14997,HIST,244,The United States after 1865
16127,HIST,244,The United States after 1865
49045,HIST,255,Colonial Latin America
15087,HIST,255,Colonial Latin America
44530,HIST,256,Modern Latin America
43620,HIST,256,Modern Latin America
40688,HIST,260,Europe: 19th & 20th Centuries
10896,HIST,260,Europe: 19th & 20th Centuries
16196,HIST,308,Canadian Women's History
25074,HIST,308,Canadian Women's History
34256,HIST,309,Working Class in Cdn Society
11886,HIST,309,Working Class in Cdn Society
37516,HIST,310,Cdn Immigration & Ethnic Hist
30328,HIST,310,Cdn Immigration & Ethnic Hist
22767,HIST,314,Canada & The Cold War Era
24282,HIST,314,Canada & The Cold War Era
30354,HIST,326,History of Cuba
15804,HIST,326,History of Cuba
12720,HIST,330,Medieval Soc & the Individual
13720,HIST,330,Medieval Soc & the Individual
47780,HIST,337,Modern Mexico
42647,HIST,337,Modern Mexico
32907,HIST,343,Place of Race in United States
24272,HIST,343,Place of Race in United States
41818,HIST,351,US Immigration & Ethnicity
14984,HIST,351,US Immigration & Ethnicity
23905,HIST,362,European Fascism
44045,HIST,362,European Fascism
25135,HIST,364,The Holocaust
37766,HIST,364,The Holocaust
20041,HIST,372,Imperial China
20364,HIST,372,Imperial China
21909,HIST,374,20th Century China
28733,HIST,374,20th Century China
19644,HIST,383,Victorian Britain
12136,HIST,383,Victorian Britain
10695,HIST,384,20th Century Britain
33215,HIST,384,20th Century Britain
40520,HIST,390,World War I
45374,HIST,390,World War I
46300,HIST,398,"""""""Sexuality"""
38958,HIST,398,"""""""Sexuality"""
36871,HIST,400,Seminar on Atlantic Canada
47521,HIST,400,Seminar on Atlantic Canada
33413,HIST,460,Seminar: Modern European
48790,HIST,460,Seminar: Modern European
16078,HIST,490,Thesis
11838,HIST,490,Thesis
22040,HKIN,105,Soccer
17986,HKIN,105,Soccer
11677,HKIN,115,Principles of Human Movement
26514,HKIN,115,Principles of Human Movement
30425,HKIN,205,Basketball II
37988,HKIN,205,Basketball II
18377,HKIN,215,Intro to Motor Learning
42850,HKIN,215,Intro to Motor Learning
11785,HKIN,222,Care/Prevent Athletic Injuries
47847,HKIN,222,Care/Prevent Athletic Injuries
49411,HKIN,226,Personal Health and Wellness
47623,HKIN,226,Personal Health and Wellness
30590,HKIN,236,Foundation Sport/Exercise Psyc
49236,HKIN,236,Foundation Sport/Exercise Psyc
10092,HKIN,262,Performance Enhancing Supps
19616,HKIN,262,Performance Enhancing Supps
44083,HKIN,301,Elementary Statistics
29267,HKIN,301,Elementary Statistics
41179,HKIN,321,Adv Care/Prevent Ath Injuries
30898,HKIN,321,Adv Care/Prevent Ath Injuries
29606,HKIN,331,The Sociology of Sport
47098,HKIN,331,The Sociology of Sport
21318,HKIN,332,Gender Sport/Physical Activity
44200,HKIN,332,Gender Sport/Physical Activity
15771,HKIN,334,Coach Leadership & Planning
42379,HKIN,334,Coach Leadership & Planning
29733,HKIN,352,History of Sport
20550,HKIN,352,History of Sport
32780,HKIN,353,Metaphysical Foundations
24820,HKIN,353,Metaphysical Foundations
40433,HKIN,354,Ethics & Sport
19486,HKIN,354,Ethics & Sport
24209,HKIN,365,Exercise Physiology
36595,HKIN,365,Exercise Physiology
42035,HKIN,376,Biomechanics
21216,HKIN,376,Biomechanics
46821,HKIN,385,Adapted Physical Education
47371,HKIN,385,Adapted Physical Education
25585,HKIN,392,Exercise Metabolism
37768,HKIN,392,Exercise Metabolism
47195,HKIN,396,Research Methods
17576,HKIN,396,Research Methods
45917,HKIN,397,Qualitative Research Methods
14446,HKIN,397,Qualitative Research Methods
17815,HKIN,425,Child Growth & Development
20419,HKIN,425,Child Growth & Development
35289,HKIN,426,Health Education
30125,HKIN,426,Health Education
32652,HKIN,441,Org/Admin Phys Activ/Sport
40354,HKIN,441,Org/Admin Phys Activ/Sport
18053,HKIN,445,Instructional Strategies
29686,HKIN,445,Instructional Strategies
19111,CSCI,263,Computer Organization
45083,CSCI,263,Computer Organization
46718,PSCI,200,History of Political Thought
25808,PSCI,200,History of Political Thought
48998,PSCI,210,Comparative Politics
14135,PSCI,210,Comparative Politics
38394,PSCI,220,Canadian Politics
46228,PSCI,220,Canadian Politics
48777,PSCI,240,Business & Government
30680,PSCI,240,Business & Government
24919,PSCI,250,World Politics
16172,PSCI,250,World Politics
31525,PSCI,291,"""""""Violence"""
48340,PSCI,291,"""""""Violence"""
37661,PSCI,292,Sel Topics: Mexican Politics
46364,PSCI,292,Sel Topics: Mexican Politics
43779,PSCI,301,Liberalism & Its Critics
46475,PSCI,301,Liberalism & Its Critics
16591,PSCI,303,Contemp Political Arguments
31145,PSCI,303,Contemp Political Arguments
31301,PSCI,310,European Politics
19124,PSCI,310,European Politics
11596,PSCI,312,Art & Politics
32549,PSCI,312,Art & Politics
19176,PSCI,315,Democratization Around World
18866,PSCI,315,Democratization Around World
20472,PSCI,321,Federalism
33955,PSCI,321,Federalism
26601,PSCI,341,Canadian Public Administration
37756,PSCI,341,Canadian Public Administration
30027,PSCI,342,Canadian Public Policy
40298,PSCI,342,Canadian Public Policy
12879,PSCI,343,Law & Politics
18881,PSCI,343,Law & Politics
45885,PSCI,346,Politics of Resource Mgmt
40346,PSCI,346,Politics of Resource Mgmt
48816,PSCI,354,Int'l Political Economy
24801,PSCI,354,Int'l Political Economy
47124,PSCI,355,Global Issues
15196,PSCI,355,Global Issues
38394,PSCI,356,War & Peace in Middle East
19399,PSCI,356,War & Peace in Middle East
28210,PSCI,362,Contemporary China
19515,PSCI,362,Contemporary China
49694,PSCI,363,Japan & East Asia
29873,PSCI,363,Japan & East Asia
16615,PSCI,380,African Politics & Society
38656,PSCI,380,African Politics & Society
15618,PSCI,399,Research Methods & Stats
11680,PSCI,399,Research Methods & Stats
49755,PSCI,401,Seminar: Political Theory
49657,PSCI,401,Seminar: Political Theory
18523,PSCI,421,Seminar: Canadian Politics I
18653,PSCI,421,Seminar: Canadian Politics I
27780,PSCI,442,Seminar: Public Policy
15455,PSCI,442,Seminar: Public Policy
29551,PSCI,452,Seminar: Comparative Politics
25162,PSCI,452,Seminar: Comparative Politics
19346,PSCI,499,Directed Study
46448,PSCI,499,Directed Study
21944,PSYC,100,Intro Psychology
45839,PSYC,100,Intro Psychology
18296,PSYC,210,Learning
21867,PSYC,210,Learning
37242,PSYC,220,Cognitive Psychology
23605,PSYC,220,Cognitive Psychology
24544,PSYC,225,Sensation & Perception
12874,PSYC,225,Sensation & Perception
26318,PSYC,230,Brain & Behavior
24483,PSYC,230,Brain & Behavior
11918,PSYC,240,Social Psychology
37317,PSYC,240,Social Psychology
24917,PSYC,260,Developmental Psychology
14018,PSYC,260,Developmental Psychology
13631,PSYC,290,Research Methods & Statistics
25250,PSYC,290,Research Methods & Statistics
47234,PSYC,300,History & Theory of Psychology
42720,PSYC,300,History & Theory of Psychology
48645,PSYC,310,Health Psychology
34730,PSYC,310,Health Psychology
36162,PSYC,341,The Self
12844,PSYC,341,The Self
29234,PSYC,345,Communication & Language
33106,PSYC,345,Communication & Language
20373,PSYC,350,Psychology of Personality
42600,PSYC,350,Psychology of Personality
28600,PSYC,360,Psychology of Gender
21154,PSYC,360,Psychology of Gender
45732,PSYC,370,Abnormal Psychology
38513,PSYC,370,Abnormal Psychology
41679,PSYC,375,Applied Psychology
39901,PSYC,375,Applied Psychology
32679,PSYC,385,Research in Personality
48041,PSYC,385,Research in Personality
30626,PSYC,388,Bio-psychology of Pain
15854,PSYC,388,Bio-psychology of Pain
34845,PSYC,390,Data in Psychological Research
43589,PSYC,390,Data in Psychological Research
32533,PSYC,391,Junior Seminar
36613,PSYC,391,Junior Seminar
17898,PSYC,420,Cognition & Perception
46638,PSYC,420,Cognition & Perception
35574,PSYC,430,Behavioral Neuroscience
27817,PSYC,430,Behavioral Neuroscience
31659,PSYC,440,Adv Social & Personality Psych
20092,PSYC,440,Adv Social & Personality Psych
31616,PSYC,460,Adv Developmental Psychology
28904,PSYC,460,Adv Developmental Psychology
18187,PSYC,490,Honours Thesis
21359,PSYC,490,Honours Thesis
49074,PSYC,491,Senior Seminar
37005,PSYC,491,Senior Seminar
36746,PSYC,499,Cognitive Effects Bilingualism
12798,PSYC,499,Cognitive Effects Bilingualism
34819,RELS,100,Intro to Christianity
17502,RELS,100,Intro to Christianity
20439,RELS,110,Intro to World Religions
32978,RELS,110,Intro to World Religions
36333,RELS,120,"""""""Religion"""
35293,RELS,120,"""""""Religion"""
25173,RELS,210,The Bible and Film
30570,RELS,210,The Bible and Film
16669,RELS,215,Sociology of Religion
49581,RELS,215,Sociology of Religion
47327,RELS,225,Cults & New Religious Movement
26852,RELS,225,Cults & New Religious Movement
42958,RELS,253,Intro Hebrew Bible/Old Test
28782,RELS,253,Intro Hebrew Bible/Old Test
21044,RELS,255,Intro to New Testament
14441,RELS,255,Intro to New Testament
38907,RELS,275,Intro to Paul's Letters
39909,RELS,275,Intro to Paul's Letters
24428,RELS,298,Intro to Hinduism & Buddism
44857,RELS,298,Intro to Hinduism & Buddism
29541,RELS,300,Health Care Ethics
44694,RELS,300,Health Care Ethics
10246,RELS,310,Religion in Modern India
48521,RELS,310,Religion in Modern India
15007,RELS,315,Women in Hinduism & Buddhism
30344,RELS,315,Women in Hinduism & Buddhism
33169,RELS,340,Archaeology of Anc Near East
14255,RELS,340,Archaeology of Anc Near East
11048,RELS,383,Reformation Christianity
16920,RELS,383,Reformation Christianity
37655,RELS,385,Modern Christianity
17265,RELS,385,Modern Christianity
45582,RELS,395,Sel Topics: Intro to Mysticism
16830,RELS,395,Sel Topics: Intro to Mysticism
21555,RELS,397,Religion & the Paranormal
28103,RELS,397,Religion & the Paranormal
14072,RELS,398,Reflections on Death & Dying
47579,RELS,398,Reflections on Death & Dying
35415,RELS,400,Religious Appr to Sexuality
45134,RELS,400,Religious Appr to Sexuality
18419,RELS,440,Jesus
12392,RELS,440,Jesus
12901,RELS,499,Means to Enlightenment
27661,RELS,499,Means to Enlightenment
41263,SOCI,100,Intro to Sociology
39680,SOCI,100,Intro to Sociology
38959,SOCI,201,Traditions in Social Thought
22404,SOCI,201,Traditions in Social Thought
21250,SOCI,202,Research Principles & Practice
18579,SOCI,202,Research Principles & Practice
36795,SOCI,212,Social Dissent
45404,SOCI,212,Social Dissent
34772,SOCI,217,"""""""Race"""
43621,SOCI,217,"""""""Race"""
45008,SOCI,226,Cults & New Religious Movement
19613,SOCI,226,Cults & New Religious Movement
28853,SOCI,227,Sociology of Religion
42121,SOCI,227,Sociology of Religion
16163,SOCI,233,Sociology of Sport
49248,SOCI,233,Sociology of Sport
23203,SOCI,236,Disability and Society
38926,SOCI,236,Disability and Society
42047,SOCI,250,Deviance & Social Control
30387,SOCI,250,Deviance & Social Control
45697,SOCI,300,Research Methods
48554,SOCI,300,Research Methods
17386,SOCI,301,Classical Social Theory
45290,SOCI,301,Classical Social Theory
27800,SOCI,302,Topics in Contemporary Theory
39245,SOCI,302,Topics in Contemporary Theory
13036,SOCI,306,Interpretive Methods
28512,SOCI,306,Interpretive Methods
34819,SOCI,310,Gender
39006,SOCI,310,Gender
49932,SOCI,311,Men & Masculinities
14311,SOCI,311,Men & Masculinities
49970,SOCI,312,Social Movements
18627,SOCI,312,Social Movements
47319,SOCI,318,First Nations
49510,SOCI,318,First Nations
13531,SOCI,320,Black & African Diaspora
10671,SOCI,320,Black & African Diaspora
32353,SOCI,322,The Antigonish Movement
36077,SOCI,322,The Antigonish Movement
45941,SOCI,325,Sociology of Mass Media
30651,SOCI,325,Sociology of Mass Media
22768,SOCI,327,Contemporary Canadian Family
36328,SOCI,327,Contemporary Canadian Family
20267,SOCI,328,Social Inequality
45362,SOCI,328,Social Inequality
22846,SOCI,364,Food & Development
27232,SOCI,364,Food & Development
43230,SOCI,400,Honours Sem & Thesis Research
43901,SOCI,400,Honours Sem & Thesis Research
23193,SOCI,417,Social Difference
43591,SOCI,417,Social Difference
36777,SOCI,421,"""""""Ancestry"""
28664,SOCI,421,"""""""Ancestry"""
10350,SOCI,426,Consumer Society
29125,SOCI,426,Consumer Society
41439,SOCI,491,Senior Seminar
23510,SOCI,491,Senior Seminar
29704,SOCI,497,Adv Social Theories of Self
23796,SOCI,497,Adv Social Theories of Self
36312,SOCI,498,Theories of Social Inequality
40066,SOCI,498,Theories of Social Inequality
16415,SOCI,499,Social Theories of the Commons
39373,SOCI,499,Social Theories of the Commons
29068,SPAN,100,First Year Spanish
24472,SPAN,100,First Year Spanish
46283,SPAN,200,Second Year Spanish
36742,SPAN,200,Second Year Spanish
33974,SPAN,201,Second Year Spanish I
44280,SPAN,201,Second Year Spanish I
10493,SPAN,320,Hispanic Civ 1800 to Present
19392,SPAN,320,Hispanic Civ 1800 to Present
17664,STAT,201,Elementary Statistics
32000,STAT,201,Elementary Statistics
45471,STAT,224,Prob & Stats for Engineers
22188,STAT,224,Prob & Stats for Engineers
34713,STAT,231,Stats for Students in Sciences
11568,STAT,231,Stats for Students in Sciences
16574,STAT,301,Survey Sampling Design
38856,STAT,301,Survey Sampling Design
30607,STAT,331,Statistical Methods
35542,STAT,331,Statistical Methods
30569,STAT,333,Intro Probability Theory
38504,STAT,333,Intro Probability Theory
36278,STAT,334,Mathematical Statistics
30661,STAT,334,Mathematical Statistics
35795,STAT,435,Regression Analysis
40052,STAT,435,Regression Analysis
10822,WMNS,200,Intro to Women's Studies
40988,WMNS,200,Intro to Women's Studies
12324,WMNS,217,"""""""Race"""
16026,WMNS,217,"""""""Race"""
18436,WMNS,229,Women in English Literature
19335,WMNS,229,Women in English Literature
34087,WMNS,303,Feminist Theory
26328,WMNS,303,Feminist Theory
14408,WMNS,308,Canadian Women's History
24268,WMNS,308,Canadian Women's History
45509,WMNS,310,Gender
18893,WMNS,310,Gender
31699,WMNS,311,Men & Masculinities
41783,WMNS,311,Men & Masculinities
46221,WMNS,315,Women in Hinduism & Buddhism
34192,WMNS,315,Women in Hinduism & Buddhism
10534,WMNS,327,Contemporary Cdn Families
22735,WMNS,327,Contemporary Cdn Families
15131,WMNS,329,Women Writers: Feminisms
35443,WMNS,329,Women Writers: Feminisms
27447,WMNS,332,Gender Sport/Physical Activ
10811,WMNS,332,Gender Sport/Physical Activ
19766,WMNS,360,Psychology of Gender
48402,WMNS,360,Psychology of Gender
24606,WMNS,365,Gender & Health
33007,WMNS,365,Gender & Health
41445,WMNS,398,"""""""Sexuality"""
13036,WMNS,398,"""""""Sexuality"""
39247,WMNS,400,Research Methods Seminar
35180,WMNS,400,Research Methods Seminar
39118,WMNS,410,Religious Appr to Sexuality
11652,WMNS,410,Religious Appr to Sexuality
16854,WMNS,417,Social Difference
47070,WMNS,417,Social Difference
40543,HKIN,446,Essentials: Personal Training
15706,HKIN,446,Essentials: Personal Training
34681,HKIN,456,Exercise & Fitness Evaluation
36323,HKIN,456,Exercise & Fitness Evaluation
12726,HKIN,466,Clinical Exercise Physiology
37328,HKIN,466,Clinical Exercise Physiology
35360,HKIN,471,Advanced Biomechanics
29708,HKIN,471,Advanced Biomechanics
46511,HKIN,491,Senior Seminar
15726,HKIN,491,Senior Seminar
33388,HKIN,493,Honours Thesis
10481,HKIN,493,Honours Thesis
26475,HNU,145,Intro to Foods
41535,HNU,145,Intro to Foods
28731,HNU,146,Intro to Food Science
10536,HNU,146,Intro to Food Science
38653,HNU,185,Foundation for the HNU Profess
24730,HNU,185,Foundation for the HNU Profess
11662,HNU,200,Nutrit for Healthy Lifestyle
29215,HNU,200,Nutrit for Healthy Lifestyle
22017,HNU,261,Intro to Nutrition
41546,HNU,261,Intro to Nutrition
42788,HNU,262,Nutrit in Human Metabolism
18532,HNU,262,Nutrit in Human Metabolism
44852,HNU,263,Applied Introductory Nutrition
22951,HNU,263,Applied Introductory Nutrition
20814,HNU,335,Communications
26924,HNU,335,Communications
35208,HNU,361,Clinical Nutrition I
35240,HNU,361,Clinical Nutrition I
40452,HNU,362,Clinical Nutrition II
48790,HNU,362,Clinical Nutrition II
25999,HNU,363,Sport Nutrition
13113,HNU,363,Sport Nutrition
36173,HNU,365,Community Nutrition
40457,HNU,365,Community Nutrition
20395,HNU,385,Research Methods
35429,HNU,385,Research Methods
28891,HNU,405,Food Availability
24822,HNU,405,Food Availability
26733,HNU,425,Geriatric Nutrition
16653,HNU,425,Geriatric Nutrition
28677,HNU,445,Advanced Food Study
17839,HNU,445,Advanced Food Study
27816,HNU,448,Advanced Experimental Foods
44217,HNU,448,Advanced Experimental Foods
32245,HNU,455,Food Service Mgmt & Production
42342,HNU,455,Food Service Mgmt & Production
11653,HNU,461,Advanced Clinical Nutrition
37316,HNU,461,Advanced Clinical Nutrition
11779,HNU,467,Advanced Nutrition
15379,HNU,467,Advanced Nutrition
28747,HNU,471,Entrepreneurial Practices
25882,HNU,471,Entrepreneurial Practices
26804,HNU,475,Effecting Change
16004,HNU,475,Effecting Change
16458,HNU,482,Internship Practicum II
29414,HNU,482,Internship Practicum II
34868,HNU,483,Internship Practicum III
32147,HNU,483,Internship Practicum III
23498,HNU,491,Advanced Major & Hon Seminar
30796,HNU,491,Advanced Major & Hon Seminar
20072,HNU,493,Senior Thesis (Honours)
20062,HNU,493,Senior Thesis (Honours)
16734,HNU,499,Obesity in Type 2 Diabetes
13110,HNU,499,Obesity in Type 2 Diabetes
35841,INFO,131,Comput & Business Applications
28381,INFO,131,Comput & Business Applications
31086,INFO,135,Information Systems Concepts
37835,INFO,135,Information Systems Concepts
25956,INFO,145,Intro to Elect Commerce & ERP
14242,INFO,145,Intro to Elect Commerce & ERP
10527,INFO,151,Intro to Programming Concepts
26482,INFO,151,Intro to Programming Concepts
21616,INFO,152,Programming & Data Structures
10714,INFO,152,Programming & Data Structures
31779,INFO,245,Intro Ent Resource Planning
43748,INFO,245,Intro Ent Resource Planning
47782,INFO,275,Database Management Systems
47588,INFO,275,Database Management Systems
21906,INFO,325,Info Sys Hardware & Software
43678,INFO,325,Info Sys Hardware & Software
32543,INFO,348,Business Process Integration
19610,INFO,348,Business Process Integration
33199,INFO,374,Geographic Info Systems
17063,INFO,374,Geographic Info Systems
37895,INFO,375,Adv Database Management System
16643,INFO,375,Adv Database Management System
33590,INFO,415,Systems Analysis
17059,INFO,415,Systems Analysis
29290,INFO,416,Project Management & Practice
44599,INFO,416,Project Management & Practice
18456,INFO,418,Topics in Information Systems
33493,INFO,418,Topics in Information Systems
44561,INFO,419,Client/Server & Intranets
47627,INFO,419,Client/Server & Intranets
14668,INFO,425,Systems Design
48320,INFO,425,Systems Design
21225,INFO,435,Introduction to Multimedia
12689,INFO,435,Introduction to Multimedia
18647,INFO,445,Web-Based Programming
38858,INFO,445,Web-Based Programming
46543,INFO,446,Electronic Business
17117,INFO,446,Electronic Business
10151,INFO,448,Impl Conf & use of ERP
12131,INFO,448,Impl Conf & use of ERP
10965,INFO,465,Bus Data Comm Sys & Networks
37718,INFO,465,Bus Data Comm Sys & Networks
17091,INFO,496,Research Project for Majors
16906,INFO,496,Research Project for Majors
11017,INFO,498,Honours Thesis
10282,INFO,498,Honours Thesis
44696,IDS,305,Immersion Service Learning
14562,IDS,305,Immersion Service Learning
36379,IDS,306,Service Learning: Th & Prac
14512,IDS,306,Service Learning: Th & Prac
34720,LTGY,100,Liturgical Foundations
22074,LTGY,100,Liturgical Foundations
23841,MATH,100,Mathematical Concepts
23516,MATH,100,Mathematical Concepts
34843,MATH,111,Calculus I
36465,MATH,111,Calculus I
44005,MATH,112,Calculus II
21401,MATH,112,Calculus II
18967,MATH,121,Calculus I for Engineers
13205,MATH,121,Calculus I for Engineers
36668,MATH,122,Calculus II for Engineers
46039,MATH,122,Calculus II for Engineers
25034,MATH,205,Business Mathematics
11073,MATH,205,Business Mathematics
33385,MATH,221,Differential Equations for Eng
25066,MATH,221,Differential Equations for Eng
44838,MATH,222,Calculus III for Engineers
47394,MATH,222,Calculus III for Engineers
16409,MATH,223,Linear Algebra for Engineers
29114,MATH,223,Linear Algebra for Engineers
36231,MATH,253,Matrix Algebra
26405,MATH,253,Matrix Algebra
46588,MATH,254,Linear Algebra
32188,MATH,254,Linear Algebra
36626,MATH,267,Calculus III
48296,MATH,267,Calculus III
28750,MATH,277,Discrete Structures
31253,MATH,277,Discrete Structures
41039,MATH,287,Natural Resource Modeling
24705,MATH,287,Natural Resource Modeling
13495,MATH,354,Modern Algebra I
41011,MATH,354,Modern Algebra I
26084,MATH,361,Advanced Vector Calculus
13061,MATH,361,Advanced Vector Calculus
20659,MATH,366,Real Analysis I
42361,MATH,366,Real Analysis I
47864,MATH,367,Differential Equations
49949,MATH,367,Differential Equations
44855,MATH,371,Modern Geometries
39834,MATH,371,Modern Geometries
48347,MATH,372,Theory of Numbers
15582,MATH,372,Theory of Numbers
25090,MATH,384,Numerical Methods
11972,MATH,384,Numerical Methods
22758,MATH,454,Modern Algebra II
24381,MATH,454,Modern Algebra II
34311,MATH,481,Partial Differential Equations
24057,MATH,481,Partial Differential Equations
10162,MATH,491,Senior Seminar
31320,MATH,491,Senior Seminar
47962,MATH,493,Senior Thesis (Honours)
27827,MATH,493,Senior Thesis (Honours)
18378,MUSI,101,Structure of Music
22567,MUSI,101,Structure of Music
32247,MUSI,103,Jazz Theory I
49042,MUSI,103,Jazz Theory I
10922,MUSI,106,Advanced Vocal Ensembles I
31923,MUSI,106,Advanced Vocal Ensembles I
29303,MUSI,107,Instrumental Ensemble
41000,MUSI,107,Instrumental Ensemble
37293,MUSI,117,History of Popular Music
13448,MUSI,117,History of Popular Music
43967,MUSI,118,World Music
19300,MUSI,118,World Music
15057,MUSI,165,Jazz Styles & Literature
32380,MUSI,165,Jazz Styles & Literature
21853,MUSI,190,Applied Performance I
20772,MUSI,190,Applied Performance I
44703,MUSI,195,Applied Performance IA
23878,MUSI,195,Applied Performance IA
44269,MUSI,201,Structure of Music II
13227,MUSI,201,Structure of Music II
44617,MUSI,203,Jazz Theory & Arranging
46351,MUSI,203,Jazz Theory & Arranging
25194,MUSI,206,Advanced Vocal Ensembles II
46861,MUSI,206,Advanced Vocal Ensembles II
40574,MUSI,207,Instrumental Ensembles II
38014,MUSI,207,Instrumental Ensembles II
25221,MUSI,219,Celtic Music
29801,MUSI,219,Celtic Music
41737,MUSI,235,Music Techonology
38984,MUSI,235,Music Techonology
33129,MUSI,265,Jazz Styles & Literature
12769,MUSI,265,Jazz Styles & Literature
41818,MUSI,290,Applied Performance II
33115,MUSI,290,Applied Performance II
12767,MUSI,295,Applied Performance IA
34540,MUSI,295,Applied Performance IA
14136,MUSI,304,Small Ensemble Arranging
23119,MUSI,304,Small Ensemble Arranging
31008,MUSI,306,Advanced Vocal Ensembles III
16004,MUSI,306,Advanced Vocal Ensembles III
32534,MUSI,307,Instrumental Ensembles III
36473,MUSI,307,Instrumental Ensembles III
10646,MUSI,315,History of Music I
19247,MUSI,315,History of Music I
39883,MUSI,316,History of Music II
32156,MUSI,316,History of Music II
44616,MUSI,325,Jazz Composition
28303,MUSI,325,Jazz Composition
47304,MUSI,365,Jazz Syles & Literature
27704,MUSI,365,Jazz Syles & Literature
32634,MUSI,375,Contemporary Songwriting I
27467,MUSI,375,Contemporary Songwriting I
11043,MUSI,376,Contemporary Songwriting II
32661,MUSI,376,Contemporary Songwriting II
17192,MUSI,390,Applied Performance III
30499,MUSI,390,Applied Performance III
38668,MUSI,391,Minor Instrument III
22951,MUSI,391,Minor Instrument III
37614,MUSI,395,Applied Performance III A
19257,MUSI,395,Applied Performance III A
37848,MUSI,406,Advanced Vocal Ensembles IV
38352,MUSI,406,Advanced Vocal Ensembles IV
47005,MUSI,407,Instrumental Ensembles IV
21624,MUSI,407,Instrumental Ensembles IV
10819,MUSI,416,History of Music III
42910,MUSI,416,History of Music III
39824,MUSI,420,Adv Arranging/Orchestration
11529,MUSI,420,Adv Arranging/Orchestration
13998,MUSI,465,Jazz Styles & Literature
13335,MUSI,465,Jazz Styles & Literature
49059,MUSI,490,Applied Performance IV
33620,MUSI,490,Applied Performance IV
11262,MUSI,491,Minor Instrument IV
19727,MUSI,491,Minor Instrument IV
25506,MUSI,495,Applied Performance IV A
19129,MUSI,495,Applied Performance IV A
19076,MUSI,499,Advanced Orchestration
12315,MUSI,499,Advanced Orchestration
36768,NURS,105,Conceptual Model for Nursing
39232,NURS,105,Conceptual Model for Nursing
14843,NURS,115,Health Promotion & Learning
41004,NURS,115,Health Promotion & Learning
42727,NURS,125,Intro to Nursing
36041,NURS,125,Intro to Nursing
40432,NURS,145,Nursing Foundations & Health
13132,NURS,145,Nursing Foundations & Health
46138,NURS,205,Community Health Nursing
39615,NURS,205,Community Health Nursing
13731,NURS,215,Community Mental Health I
31161,NURS,215,Community Mental Health I
32350,NURS,225,Community Parent-Child Family
37033,NURS,225,Community Parent-Child Family
45448,NURS,235,Intro to Pharmacology
35726,NURS,235,Intro to Pharmacology
29260,NURS,245,Healthy Aging
14194,NURS,245,Healthy Aging
32567,NURS,250,Nursing Practice I
16140,NURS,250,Nursing Practice I
42057,NURS,260,Developmental Psychology
32938,NURS,260,Developmental Psychology
10871,NURS,275,Comprehensive Health Assessmnt
17890,NURS,275,Comprehensive Health Assessmnt
47065,NURS,280,Health Assessment & Pharmacy
15295,NURS,280,Health Assessment & Pharmacy
18126,NURS,300,Research Methods
42829,NURS,300,Research Methods
45135,NURS,305,Nursing of Adults I
23560,NURS,305,Nursing of Adults I
31483,NURS,310,Nursing Research Methods
29155,NURS,310,Nursing Research Methods
33736,NURS,315,Nursing of Children
14840,NURS,315,Nursing of Children
10253,NURS,330,Legal & Ethical Issues
38290,NURS,330,Legal & Ethical Issues
48406,NURS,336,Ethics in Health & Medicine
40051,NURS,336,Ethics in Health & Medicine
39271,NURS,345,Mental Health Nursing
17010,NURS,345,Mental Health Nursing
22426,NURS,355,Perinatal Nursing
45287,NURS,355,Perinatal Nursing
34412,NURS,365,Gender & Health
12388,NURS,365,Gender & Health
18605,NURS,405,Nursing Adults II
22341,NURS,405,Nursing Adults II
19461,NURS,415,Nursing Adults III
42650,NURS,415,Nursing Adults III
34290,NURS,483,Palliative Care
39432,NURS,483,Palliative Care
37042,NURS,486,Int'l Health & Development
28373,NURS,486,Int'l Health & Development
16836,NURS,488,Challenges in Aging
29508,NURS,488,Challenges in Aging
39044,NURS,491,Trends in Health Care
36307,NURS,491,Trends in Health Care
16264,NURS,493,Leadership & Research Nursing
37443,NURS,493,Leadership & Research Nursing
10950,NURS,496,Senior Honours Seminar
35540,NURS,496,Senior Honours Seminar
11950,NURS,497,Nursing Informatics
45833,NURS,497,Nursing Informatics
31090,NURS,498,Honours Thesis
34447,NURS,498,Honours Thesis
26576,NURS,499,Directed Study & Practice
39401,NURS,499,Directed Study & Practice
31475,PHIL,100,Intro Philosophy
47360,PHIL,100,Intro Philosophy
34428,PHIL,101,Intro Philosophy I
27536,PHIL,101,Intro Philosophy I
18002,PHIL,210,Philosophy of Science
22940,PHIL,210,Philosophy of Science
27726,PHIL,230,Philosophy of Human Nature
31578,PHIL,230,Philosophy of Human Nature
28363,PHIL,240,Philosophy of Religion
25265,PHIL,240,Philosophy of Religion
24282,PHIL,330,Ethics
33648,PHIL,330,Ethics
36382,PHIL,331,Ethical Theories
47815,PHIL,331,Ethical Theories
46082,PHIL,332,Contemp Moral & Social Issues
29553,PHIL,332,Contemp Moral & Social Issues
33817,PHIL,336,Ethics in Health & Medicine
17118,PHIL,336,Ethics in Health & Medicine
44416,PHIL,340,Logic
21323,PHIL,340,Logic
36807,PHIL,351,Socrates and Plato
25787,PHIL,351,Socrates and Plato
33991,PHIL,352,Aristotle
18381,PHIL,352,Aristotle
29698,PHIL,371,Social & Political Philosophy
23558,PHIL,371,Social & Political Philosophy
28512,PHIL,372,Philosophy of Law
34572,PHIL,372,Philosophy of Law
12945,PHIL,380,Existentialism & Phenomenology
20909,PHIL,380,Existentialism & Phenomenology
34915,PHIL,399,Topics in Modern Philosophy
39335,PHIL,399,Topics in Modern Philosophy
38819,PHIL,460,Sem Metaphysics & Epistemology
48949,PHIL,460,Sem Metaphysics & Epistemology
44582,PHIL,489,Honours Thesis
37866,PHIL,489,Honours Thesis
40970,PHYS,100,General Physics
22005,PHYS,100,General Physics
15534,PHYS,120,General Physics
44164,PHYS,120,General Physics
46551,PHYS,201,Relativity & Quantum Physics
49852,PHYS,201,Relativity & Quantum Physics
17108,PHYS,221,Electric Circuits
29507,PHYS,221,Electric Circuits
23776,PHYS,223,Digital Electronics
31604,PHYS,223,Digital Electronics
13601,PHYS,241,Mathematical Physics
41838,PHYS,241,Mathematical Physics
24941,PHYS,242,Classical Mechanics I
26344,PHYS,242,Classical Mechanics I
37375,PHYS,271,Astronomy: Solar System
37342,PHYS,271,Astronomy: Solar System
13649,PHYS,302,Properties of Matter
17272,PHYS,302,Properties of Matter
15478,PHYS,303,Subatomic Physics & Cosmology
26039,PHYS,303,Subatomic Physics & Cosmology
31151,PHYS,322,Electromagnetic Theory I
12774,PHYS,322,Electromagnetic Theory I
30058,PHYS,323,Electronics
21080,PHYS,323,Electronics
38541,PHYS,325,Optics
23014,PHYS,325,Optics
47556,PHYS,343,Quantum Mechanics I
13086,PHYS,343,Quantum Mechanics I
20634,PHYS,344,Thermal Physics
12444,PHYS,344,Thermal Physics
28779,PHYS,422,Electromagnetic Theory II
11006,PHYS,422,Electromagnetic Theory II
28978,PHYS,425,Lasers & Modern Optics
37685,PHYS,425,Lasers & Modern Optics
22850,PHYS,443,Quantum Mechanics II
32955,PHYS,443,Quantum Mechanics II
25142,PHYS,444,Statistical Mechanics
37789,PHYS,444,Statistical Mechanics
44936,PHYS,473,Soft Material & Biophysics
10904,PHYS,473,Soft Material & Biophysics
47586,PHYS,475,Atomic & Molecular Physics
39369,PHYS,475,Atomic & Molecular Physics
48678,PHYS,476,Solid State Physics
48104,PHYS,476,Solid State Physics
26023,PHYS,491,Physics Seminar
34849,PHYS,491,Physics Seminar
46969,PHYS,493,Honours Thesis
24112,PHYS,493,Honours Thesis
33658,PSCI,100,Intro Politics Power & Culture
22684,PSCI,100,Intro Politics Power & Culture
24924,CSCI,368,Data Comm Systems & Networks
10896,CSCI,368,Data Comm Systems & Networks
