userID,fName,lName,userAddress
x2018aaa,Golda,Metcalf,"Athabasca,ABT9S6Y4886WakehurstSt."
x2019aab,Rozalin,Mccauley,"22UnionSt.Louisbourg,NSB1C5K5"
x2019aac,Lorinda,Norwood,"7526AddisonStreetGagetown,NBE5M9S2"
x2019aad,Dasya,Gilbert,"Antigonish,NSB2G8T97RockvilleSt."
x2020aae,Halette,Dickey,"42PrimroseSt.Chelsea,QCJ9B6T4"
x2014aaf,Stafani,Belcher,"R'e9giond'Oka,QCJ0N2J4313CreekDr."
x2014aag,Mirilla,Yu,"Taber,ABT1G6G283SouthIroquoisSt."
x2014aah,Alejandra,Dugan,"8829SE.SummerhouseDr.Laval-des-Rapides,QCH7N0J3"
x2017aai,Bill,Edwards,"1SummerhouseSt.Ste.Anne,MBR5H7K4"
x2017aaj,Isabel,Hemphill,"Perth,ONK7H3A5636ChestnutSt."
x2018aak,Sibyl,Walls,"Perth,ONK7H3A5636ChestnutSt."
x2018aal,Melessa,Hogue,"Antigonish,NSB2G8T97RockvilleSt."
x2017aam,Clarissa,Blanton,"856FranklinSt.Metchosin,BCV9C9G8"
x2018aan,Norry,Gregg,"Hawkesbury,ONK6A6V9588PurpleFinchRoad"
x2020aao,Diane-Marie,Rasmussen,"296W.YoungDriveQuesnel,BCV2J8V4"
x2016aap,Wanids,Bryson,"762TempleSt.LaPlaine,QCJ7M5E7"
x2020aaq,Tine,Sapp,"Delhi,ONN4B8N59108OakwoodRd."
x2015aar,Flo,Parker,"KananaskisCountry,ABT0L5L530OakMeadowAve."
x2016aas,Virginia,Fry,"TourdelaBourse,QCH4Z6J4794W.MonroeStreet"
x2016aat,Ernesta,Lloyd,"972LibertyStreetCobourg,ONK9A8A7"
x2017aau,Elisabet,Butcher,"Laterri'e8re,QCG7N4R11GrandStreet"
x2016aav,Gilligan,Rocha,"Manitoulin,ONP0P3C37985AcademyDrive"
x2015aaw,Masha,Lucas,"7231SycamoreSt.HollandLanding,ONL9N9A0"
x2015aax,Odilia,Jaramillo,"QueensCounty,NSB0T0L851PiperStreet"
x2019aay,Dulce,Battle,"Caraquet,NBE1W5K43KirklandRd."
x2015aaz,Frayda,Belcher,"Elgin,ONN0L7P922DunbarSt."
x2015aba,Vina,Lawrence,"1SummerhouseSt.Ste.Anne,MBR5H7K4"
x2014abb,Merola,Fry,"Appalaches,QCG0R4C78435RockawayCircle"
x2018abc,Lorinda,Powers,"64MeadowbrookCourtMont'e9r'e9gie-Est,QCJ0J4P7"
x2017abd,Calley,Mccoy,"Ladysmith,BCV9G5M666LowerRiverDrive"
x2017abe,Jackquelin,Bryant,"Saint-Quentin,NBE8A0A261AndoverAve."
x2017abf,Fleur,Donovan,"DorvalOutskirts,QCH9P9S57564LongbranchRd."
x2014abg,Bambie,Burgess,"972LibertyStreetCobourg,ONK9A8A7"
x2020abh,Carleen,Russo,"NewGlasgow,NSB2H6R17005S.BrandywineDrive"
x2014abi,Livvyy,Numbers,"Maple,ONL6A0N79569CemeteryAve."
x2019abj,Ellie,Goldsmith,"62RidgeStreetBoucherville,QCJ4B5S2"
x2017abk,Betta,Byers,"Thompson,MBR8N3R46PurpleFinchDr."
x2014abl,Evelyn,Eddy,"95EastArcadiaSt.Lachute,QCJ8H9G4"
x2015abm,Mozelle,Davidson,"Perth,ONK7H3A5636ChestnutSt."
x2017abn,Jordan,England,"Cap-Rouge,QCG1Y8A4169EastValleyViewSt."
x2014abo,Henrietta,Couch,"YoungsCove,NBE4C9R753EdgewoodSt."
x2018abp,Charlotte,Vela,"Centreville,NBE7K8H4564W.PhilmontSt."
x2020abq,Cathy,Rankin,"Caraquet,NBE1W5K43KirklandRd."
x2018abr,Babita,Martinez,"Woodstock,NBE7M9X97380MeadowAve."
x2017abs,Elena,Gilbert,"Cranbrook,BCV1C6H68691FultonStreet"
x2019abt,Berenice,Espinosa,"Hawkesbury,ONK6A6V9588PurpleFinchRoad"
x2017abu,Vivian,Mayfield,"Boiestown,NBE6A4C48592S.RidgeviewStreet"
x2016abv,Rahel,Jernigan,"9810FairgroundAvenueGreely,ONK4P4M4"
x2014abw,Irina,Vela,"LaBaie,QCG7B7N28861DepotSt."
x2017abx,Vonny,Bryant,"Carbonear,LBA1Y5H172ParkerDr."
x2017aby,Klara,Norwood,"8953NorthSpruceSt.Masson-Angers,QCJ8M6L5"
x2016abz,Rebbecca,Parsons,"WestElmwoodSt.Val-d'Or,QCJ9P7P7"
x2017aca,Zaria,Stapleton,"68KetchHarbourSt.Duncan,BCV9L4V1"
x2020acb,Korry,Randall,"1SummerhouseSt.Ste.Anne,MBR5H7K4"
x2017acc,Dominga,Lucas,"Centreville,NBE7K8H4564W.PhilmontSt."
x2017acd,Caro,Jacobsen,"Taber,ABT1G6G283SouthIroquoisSt."
x2020ace,Lesly,Hansen,"Ponoka,ABT4J2V064HomesteadAve."
x2018acf,Bette,Donaldson,"Delhi,ONN4B8N59108OakwoodRd."
x2014acg,Marcie,Hastings,"95EastArcadiaSt.Lachute,QCJ8H9G4"
x2016ach,Renee,Bryant,"Athabasca,ABT9S6Y4886WakehurstSt."
x2016aci,Milicent,Reed,"Antigonish,NSB2G8T97RockvilleSt."
x2017acj,Lind,Castaneda,"9810FairgroundAvenueGreely,ONK4P4M4"
x2018ack,Alys,Mitchell,"Penticton,BCV2A1C437HarveyRd."
x2016acl,Margarita,Numbers,"Bromont,QCJ2L7R5874WestBohemiaRd."
x2017acm,Abbe,Robison,"Sainte-Julie,QCJ3E1G288RyanAve."
x2018acn,Penelopa,Rasmussen,"Nepean,ONK2G5X2735PendergastStreet"
x2016aco,Nanete,Hurt,"YoungsCove,NBE4C9R753EdgewoodSt."
x2015acp,Gill,Escobar,"WestElmwoodSt.Val-d'Or,QCJ9P7P7"
x2017acq,Fiorenze,Dye,"TourdelaBourse,QCH4Z6J4794W.MonroeStreet"
x2019acr,Bianka,Espinosa,"8953NorthSpruceSt.Masson-Angers,QCJ8M6L5"
x2018acs,Estelle,Bryson,"DeerIsland,NBE5V7G371LivingstonSt."
x2017act,Gwenore,Moody,"Taber,ABT1G6G283SouthIroquoisSt."
x2015acu,Callida,Montano,"856FranklinSt.Metchosin,BCV9C9G8"
x2018acv,Florri,Drew,"Laterri'e8re,QCG7N4R11GrandStreet"
x2018acw,Vania,Bruner,"Listowel,ONN4W4G92GlendaleSt."
x2019acx,Michelina,Ross,"Gananoque,ONK7G8R58044LoganStreet"
x2016acy,Anthiathia,Holman,"Elgin,ONN0L7P922DunbarSt."
x2020acz,Elysia,Heller,"425E.KetchHarbourDr.FortFrances,ONP9A3V9"
x2015ada,Dniren,Espinosa,"296W.YoungDriveQuesnel,BCV2J8V4"
x2017adb,Neille,Rose,"Kingston,ONK7K2M8370GoldenStarAve."
x2020adc,Belle,Romo,"LaBaie,QCG7B7N28861DepotSt."
x2014add,Tine,Parrish,"91OverlookAve.Saint-Antoine,NBE4V9J8"
x2017ade,Olympe,Blackmon,"DufferinCounty,ONL0N0L985CrescentLane"
x2014adf,Corry,Neal,"Centreville,NBE7K8H4564W.PhilmontSt."
x2017adg,Claretta,Couch,"NewGlasgow,NSB2H6R17005S.BrandywineDrive"
x2019adh,Aili,Devine,"Saint-Quentin,NBE8A0A261AndoverAve."
x2015adi,Clementine,Robison,"22UnionSt.Louisbourg,NSB1C5K5"
x2019adj,Clarita,Parrish,"Collingwood,ONL9Y4K733LindaSt."
x2020adk,Marie-Jeanne,Davidson,"DorvalOutskirts,QCH9P9S57564LongbranchRd."
x2015adl,Catlaina,Champagne,"Stouffville,ONL4A9V38903WestMeadowCourt"
x2018adm,Maiga,Lloyd,"8829SE.SummerhouseDr.Laval-des-Rapides,QCH7N0J3"
x2020adn,Terrijo,Holmes,"Centreville,NBE7K8H4564W.PhilmontSt."
x2020ado,Conni,Mcmillan,"Albanel,QCG8M5B69HawthorneSt."
x2014adp,Sibelle,Valenzuela,"LaSarre,QCJ9Z5N33GlenholmeCourt"
x2018adq,Pamella,Sullivan,"DorvalOutskirts,QCH9P9S57564LongbranchRd."
x2017adr,Ludovika,Yu,"Hampton,NBE5N4X645SheffieldAve."
x2016ads,Melisandra,Goldsmith,"Athabasca,ABT9S6Y4886WakehurstSt."
x2019adt,Robina,Hurt,"DeerIsland,NBE5V7G371LivingstonSt."
x2016adu,Max,Moody,"Collingwood,ONL9Y4K733LindaSt."
x2015adv,Dyan,John,"Innisfil,ONL9S1H8269CarpenterDrive"
x2020adw,Ginnie,Hodge,"7526AddisonStreetGagetown,NBE5M9S2"
x2015adx,Bernelle,Beaver,"Joliette,QCJ6E6E87905SpringAve."
x2016ady,Ninette,Battle,"972LibertyStreetCobourg,ONK9A8A7"
x2015adz,Dinnie,Knutson,"762TempleSt.LaPlaine,QCJ7M5E7"
x2016aea,Sayre,Jacobs,"Ponoka,ABT4J2V064HomesteadAve."
x2020aeb,Brandise,Metcalf,"Taber,ABT1G6G283SouthIroquoisSt."
x2019aec,Ebony,Lott,"947SouthamptonCourtIngersoll,ONN5C2E9"
x2014aed,Lolly,Mckinney,"Carbonear,LBA1Y5H172ParkerDr."
x2015aee,Adaline,Rasmussen,"Elgin,ONN0L7P922DunbarSt."
x2017aef,Philippe,Richard,"95EastArcadiaSt.Lachute,QCJ8H9G4"
x2018aeg,Gennie,Pritchett,"MeadowLake,SKS9X9V3866SutorStreet"
x2014aeh,Sadye,Vick,"Saint-Quentin,NBE8A0A261AndoverAve."
x2015aei,Janenna,Fair,"972LibertyStreetCobourg,ONK9A8A7"
x2014aej,Jocelyne,Arellano,"11WakehurstSt.Tillsonburg,ONN4G7V1"
x2016aek,Vivianna,Buck,"Coverdale,NBE1J6E2170EastGartnerAve."
x2018ael,Dorene,Dickey,"Dauphin,MBR7N1N54EastChestnutStreet"
x2016aem,Kettie,Fry,"DufferinCounty,ONL0N0L985CrescentLane"
x2019aen,Norah,Herrera,"Hamilton,ONL8E6H01AirportStreet"
x2015aeo,Louise,Powers,"947SouthamptonCourtIngersoll,ONN5C2E9"
x2017aep,April,Dill,"DorvalOutskirts,QCH9P9S57564LongbranchRd."
x2018aeq,Noell,Dill,"68KetchHarbourSt.Duncan,BCV9L4V1"
x2016aer,Ardene,Bruner,"856FranklinSt.Metchosin,BCV9C9G8"
x2014aes,Karilynn,Hairston,"22UnionSt.Louisbourg,NSB1C5K5"
x2016aet,Drusie,Webb,"Cap-Rouge,QCG1Y8A4169EastValleyViewSt."
x2017aeu,Carolyn,Dodd,"7149WilliamSt.Quispamsis,NBE2G6Y5"
x2019aev,Jeanelle,Richard,"SturgeonFalls,ONP2B5T472GardenDr."
x2018aew,Amabel,Sullivan,"Nepean,ONK2G5X2735PendergastStreet"
x2019aex,Fredericka,Maldonado,"Innisfil,ONL9S1H8269CarpenterDrive"
x2017aey,Clemence,Rudd,"856FranklinSt.Metchosin,BCV9C9G8"
x2018aez,Pearline,Hardin,"Caraquet,NBE1W5K43KirklandRd."
x2018afa,Cicely,Mosley,"Collingwood,ONL9Y4K733LindaSt."
x2015afb,Matti,Lundy,"KananaskisCountry,ABT0L5L530OakMeadowAve."
x2016afc,Devora,Robison,"WestElmwoodSt.Val-d'Or,QCJ9P7P7"
x2015afd,Jobyna,Hogue,"DeerIsland,NBE5V7G371LivingstonSt."
x2016afe,Janetta,Kramer,"Caraquet,NBE1W5K43KirklandRd."
x2019aff,Renate,Tabor,"Manitoulin,ONP0P3C37985AcademyDrive"
x2014afg,Hettie,Espinosa,"62RidgeStreetBoucherville,QCJ4B5S2"
x2020afh,Maribel,Dennis,"296W.YoungDriveQuesnel,BCV2J8V4"
x2020afi,Billi,Jaramillo,"Hamilton,ONL8E6H01AirportStreet"
x2015afj,Goldie,Devine,"747WoodlandAve.St.George,NBE5C9X3"
x2018afk,Patty,Crowder,"Centreville,NBE7K8H4564W.PhilmontSt."
x2016afl,Gretal,Doss,"Comox,BCV9M6C584BrownSt."
x2017afm,Vittoria,Wolfe,"425E.KetchHarbourDr.FortFrances,ONP9A3V9"
x2019afn,Adora,Romo,"L'Erable,QCG0Y8C4456LakeviewRoad"
x2017afo,Alethea,Mcintosh,"Coverdale,NBE1J6E2170EastGartnerAve."
x2015afp,Neila,Trejo,"Courtice,ONL1E5G58973WestMilesAve."
x2017afq,Lilith,Devine,"Gananoque,ONK7G8R58044LoganStreet"
x2016afr,Beverley,Guidry,"856FranklinSt.Metchosin,BCV9C9G8"
x2020afs,Terra,Dill,"FortSt.John,BCV1J1Y4838WalnutSt."
x2020aft,Natka,Jernigan,"22UnionSt.Louisbourg,NSB1C5K5"
x2018afu,Merralee,Goldsmith,"Maple,ONL6A0N79569CemeteryAve."
x2017afv,Kath,Montano,"Stouffville,ONL4A9V38903WestMeadowCourt"
x2017afw,Arlene,Ponce,"1SummerhouseSt.Ste.Anne,MBR5H7K4"
x2014afx,Fanni,Bruner,"7569YoungLaneWhiteRock,BCV4B7H9"
x2018afy,Hayley,Day,"Maple,ONL6A0N79569CemeteryAve."
x2016afz,Trixi,Gutierrez,"Antigonish,NSB2G8T97RockvilleSt."
x2017aga,Romona,Mitchell,"692ThirdDr.Selkirk,MBR1A9S4"
x2017agb,Elisa,Gee,"Penticton,BCV2A1C437HarveyRd."
x2020agc,Betsy,Drew,"762TempleSt.LaPlaine,QCJ7M5E7"
x2018agd,Karlyn,Lloyd,"Dauphin,MBR7N1N54EastChestnutStreet"
x2017age,Ava,Whalen,"530WestTalbotDriveKentville,NSB4N5E6"
x2018agf,Inessa,Pope,"WestElmwoodSt.Val-d'Or,QCJ9P7P7"
x2015agg,Mitzi,Maldonado,"856FranklinSt.Metchosin,BCV9C9G8"
x2018agh,Dana,Norwood,"Cap-Rouge,QCG1Y8A4169EastValleyViewSt."
x2015agi,Ulrika,Powers,"Penticton,BCV2A1C437HarveyRd."
x2016agj,Wanids,Coates,"Stouffville,ONL4A9V38903WestMeadowCourt"
x2017agk,Deedee,Knutson,"Carbonear,LBA1Y5H172ParkerDr."
x2015agl,Genvieve,Metcalf,"ChristmasIsland,NSB1T9G077CoffeeDr."
x2018agm,Latia,Hansen,522AddisonCourtUnit77
x2018agn,Meggy,Orozco,"68KetchHarbourSt.Duncan,BCV9L4V1"
x2018ago,Pierette,Hodge,"Ponoka,ABT4J2V064HomesteadAve."
x2015agp,Joscelin,Lawrence,"Lepreau,NBE5J0E3486UnionStreet"
x2017agq,Natividad,Mccoy,"'celes-Laval,QCH7Y5B648AndoverStreet"
x2018agr,Rebekkah,Hurt,"Morden,MBR6M3K29314CanterburyAve."
x2017ags,Tina,Wright,"Joliette,QCJ6E6E87905SpringAve."
x2018agt,Devonne,Saenz,"Torbay,LBA1K2E09812E.3rdAve."
x2019agu,Ginni,Burnette,"7149WilliamSt.Quispamsis,NBE2G6Y5"
x2017agv,Leeann,Lawrence,"SturgeonFalls,ONP2B5T472GardenDr."
x2019agw,Sarita,Powers,"Courtice,ONL1E5G58973WestMilesAve."
x2015agx,Hildegarde,Mosley,"7231SycamoreSt.HollandLanding,ONL9N9A0"
x2016agy,Dru,Fair,"JuandeFucaShore,BCV0S8H97707UniversityCourt"
x2014agz,Doralyn,Kuhn,"42PrimroseSt.Chelsea,QCJ9B6T4"
x2014aha,Daisey,Wolfe,"WestElmwoodSt.Val-d'Or,QCJ9P7P7"
x2015ahb,Lucky,Dill,"Nepean,ONK2G5X2735PendergastStreet"
x2017ahc,Marissa,Trotter,"Delhi,ONN4B8N59108OakwoodRd."
x2017ahd,Jacquelyn,Norwood,"7149WilliamSt.Quispamsis,NBE2G6Y5"
x2015ahe,Corenda,Beaver,"Gasp'e9sie-Sud,QCG0C8B8718LeatherwoodSt."
x2014ahf,Alika,Russo,"972LibertyStreetCobourg,ONK9A8A7"
x2014ahg,Angelina,Rudd,"530WestTalbotDriveKentville,NSB4N5E6"
x2019ahh,Marje,Burnette,"Saint-Quentin,NBE8A0A261AndoverAve."
x2018ahi,Maxy,Perkins,"8829SE.SummerhouseDr.Laval-des-Rapides,QCH7N0J3"
x2020ahj,Ryann,Randall,"22UnionSt.Louisbourg,NSB1C5K5"
x2017ahk,Karina,Devine,"Trail,BCV1R9T949N.ChurchDr."
x2014ahl,Trudi,Leary,"Cap-Rouge,QCG1Y8A4169EastValleyViewSt."
x2016ahm,Dorelia,Olson,"7231SycamoreSt.HollandLanding,ONL9N9A0"
x2016ahn,Josi,Vick,"Athabasca,ABT9S6Y4886WakehurstSt."
x2020aho,Nerti,Montano,"Listowel,ONN4W4G92GlendaleSt."
x2016ahp,Sharl,Mendez,"QueensCounty,NSB0T0L851PiperStreet"
x2019ahq,Debera,Winkler,"747WoodlandAve.St.George,NBE5C9X3"
x2015ahr,Daniele,Courtney,"Manitoulin,ONP0P3C37985AcademyDrive"
x2016ahs,Ashly,Romo,"Gasp'e9sie-Sud,QCG0C8B8718LeatherwoodSt."
x2020aht,Myrna,Newell,"Joliette,QCJ6E6E87905SpringAve."
x2015ahu,Prisca,Buck,"ChristmasIsland,NSB1T9G077CoffeeDr."
x2015ahv,Katrinka,Burgess,"7569YoungLaneWhiteRock,BCV4B7H9"
x2015ahw,Nonna,Larson,"856FranklinSt.Metchosin,BCV9C9G8"
x2020ahx,Moreen,Kramer,"42PrimroseSt.Chelsea,QCJ9B6T4"
x2014ahy,Garnette,Cates,"7149WilliamSt.Quispamsis,NBE2G6Y5"
x2016ahz,Janey,Drew,"'celes-Laval,QCH7Y5B648AndoverStreet"
x2020aia,Jolene,Parrish,"Sainte-Julie,QCJ3E1G288RyanAve."
x2016aib,Adriane,Day,"R'e9giond'Oka,QCJ0N2J4313CreekDr."
x2017aic,Desiri,Walls,"Athabasca,ABT9S6Y4886WakehurstSt."
x2014aid,Kirbee,Eddy,"LaSarre,QCJ9Z5N33GlenholmeCourt"
x2017aie,Daron,Gregg,"762TempleSt.LaPlaine,QCJ7M5E7"
x2016aif,Milzie,Hurt,"Courtice,ONL1E5G58973WestMilesAve."
x2017aig,Anne-Marie,Yu,"TourdelaBourse,QCH4Z6J4794W.MonroeStreet"
x2020aih,Ingeberg,Fry,"296W.YoungDriveQuesnel,BCV2J8V4"
x2014aii,Kellyann,Courtney,"CampobelloIsland,NBE5E7V99933GreenviewSt."
x2017aij,Verla,Crowder,"NewGlasgow,NSB2H6R17005S.BrandywineDrive"
x2020aik,Kelcie,Bruner,"Appalaches,QCG0R4C78435RockawayCircle"
x2016ail,Melinda,Maldonado,"Sainte-Julie,QCJ3E1G288RyanAve."
x2015aim,Shaun,Powers,"Gasp'e9sie-Sud,QCG0C8B8718LeatherwoodSt."
x2014ain,Jessika,Randall,"Cranbrook,BCV1C6H68691FultonStreet"
x2015aio,Juli,Kraft,"KananaskisCountry,ABT0L5L530OakMeadowAve."
x2016aip,Jerrine,William,"Innisfil,ONL9S1H8269CarpenterDrive"
x2015aiq,Pegeen,Finley,"DorvalOutskirts,QCH9P9S57564LongbranchRd."
x2019air,Chantalle,Fry,"747WoodlandAve.St.George,NBE5C9X3"
x2020ais,Robbie,Dill,"7569YoungLaneWhiteRock,BCV4B7H9"
x2017ait,Neda,William,"51ArcadiaSt.Debec,NBE7N7L2"
x2017aiu,Morna,Kraft,"64MeadowbrookCourtMont'e9r'e9gie-Est,QCJ0J4P7"
x2019aiv,Mariana,Bryant,"7569YoungLaneWhiteRock,BCV4B7H9"
x2019aiw,Anastassia,Sterling,"YoungsCove,NBE4C9R753EdgewoodSt."
x2019aix,Celka,Park,"Saint-Prime,QCG8J3T59407LongfellowSt."
x2016aiy,Maryanna,Eddy,"MeadowLake,SKS9X9V3866SutorStreet"
x2014aiz,Elmira,Ross,"9810FairgroundAvenueGreely,ONK4P4M4"
x2020aja,Marta,Pollock,522AddisonCourtUnit77
x2019ajb,Daryn,Fuentes,"8829SE.SummerhouseDr.Laval-des-Rapides,QCH7N0J3"
x2017ajc,Heidie,Lundy,"42PrimroseSt.Chelsea,QCJ9B6T4"
x2017ajd,Alia,Toney,"762TempleSt.LaPlaine,QCJ7M5E7"
x2020aje,Cristine,Park,"L'Erable,QCG0Y8C4456LakeviewRoad"
x2018ajf,Tessie,Hastings,"972LibertyStreetCobourg,ONK9A8A7"
x2019ajg,Minni,Darden,"Morden,MBR6M3K29314CanterburyAve."
x2020ajh,Gretal,Dugan,"R'e9giond'Oka,QCJ0N2J4313CreekDr."
x2018aji,Alika,Herrera,"22UnionSt.Louisbourg,NSB1C5K5"
x2015ajj,Sharl,Rojas,"Hamilton,ONL8E6H01AirportStreet"
x2014ajk,Tamarah,Metcalf,"Bromont,QCJ2L7R5874WestBohemiaRd."
x2019ajl,Emogene,Darby,"947SouthamptonCourtIngersoll,ONN5C2E9"
x2016ajm,Estrella,Beaver,"Caraquet,NBE1W5K43KirklandRd."
x2016ajn,Georgetta,Koenig,"51ArcadiaSt.Debec,NBE7N7L2"
x2017ajo,Rachelle,Doran,"Antigonish,NSB2G8T97RockvilleSt."
x2015ajp,Leticia,Woodruff,"Albanel,QCG8M5B69HawthorneSt."
x2019ajq,Maryjane,Romo,"68KetchHarbourSt.Duncan,BCV9L4V1"
x2014ajr,Eleanore,Holmes,"JuandeFucaShore,BCV0S8H97707UniversityCourt"
x2017ajs,Glad,Metcalf,"Cap-Rouge,QCG1Y8A4169EastValleyViewSt."
x2016ajt,Marika,Mcmillan,"TourdelaBourse,QCH4Z6J4794W.MonroeStreet"
x2015aju,Nat,Marrero,"747WoodlandAve.St.George,NBE5C9X3"
x2015ajv,Bobbette,Rudd,"Athabasca,ABT9S6Y4886WakehurstSt."
x2018ajw,Shelia,Coates,"51ArcadiaSt.Debec,NBE7N7L2"
x2015ajx,Rosanne,Darden,"Listowel,ONN4W4G92GlendaleSt."
x2018ajy,Sarajane,Briggs,"725CarriageCircleDoaktown,NBE9C8T4"
x2020ajz,Norah,Jernigan,"FortSt.John,BCV1J1Y4838WalnutSt."
x2019aka,Hermine,Champagne,"L'Erable,QCG0Y8C4456LakeviewRoad"
x2016akb,Domeniga,Hurt,"972LibertyStreetCobourg,ONK9A8A7"
x2019akc,Ardelle,Wright,"R'e9giond'Oka,QCJ0N2J4313CreekDr."
x2019akd,Deane,Jacobsen,"KananaskisCountry,ABT0L5L530OakMeadowAve."
x2017ake,Merla,Hairston,"YoungsCove,NBE4C9R753EdgewoodSt."
x2016akf,Reeta,Richard,"11WakehurstSt.Tillsonburg,ONN4G7V1"
x2014akg,Isa,Fair,"Perth,ONK7H3A5636ChestnutSt."
x2015akh,Loree,Courtney,"692ThirdDr.Selkirk,MBR1A9S4"
x2020aki,Marrissa,Butcher,"Caraquet,NBE1W5K43KirklandRd."
x2020akj,Mamie,Trent,"530WestTalbotDriveKentville,NSB4N5E6"
x2015akk,Mehetabel,Hodge,"7149WilliamSt.Quispamsis,NBE2G6Y5"
x2018akl,Tami,Knutson,"Innisfil,ONL9S1H8269CarpenterDrive"
x2020akm,Miguelita,Otto,"NewGlasgow,NSB2H6R17005S.BrandywineDrive"
x2014akn,Karil,Saenz,"Vermilion,ABT9X7N37568ThompsonStreet"
x2015ako,Rita,Gutierrez,"762TempleSt.LaPlaine,QCJ7M5E7"
x2018akp,Letitia,Wyatt,"7231SycamoreSt.HollandLanding,ONL9N9A0"
x2016akq,Rebekkah,Whalen,"Albanel,QCG8M5B69HawthorneSt."
x2019akr,Emma,Lundy,"Delhi,ONN4B8N59108OakwoodRd."
x2014aks,Blake,Flowers,"1SummerhouseSt.Ste.Anne,MBR5H7K4"
x2017akt,Angelle,Mosley,"Torbay,LBA1K2E09812E.3rdAve."
x2015aku,Kaela,Numbers,"Sainte-Julie,QCJ3E1G288RyanAve."
x2019akv,Evey,Burnette,"YoungsCove,NBE4C9R753EdgewoodSt."
x2015akw,Diana,Lott,"Innisfil,ONL9S1H8269CarpenterDrive"
x2019akx,Emeline,Hodge,"DufferinCounty,ONL0N0L985CrescentLane"
x2018aky,Willetta,Lawrence,"FortSt.John,BCV1J1Y4838WalnutSt."
x2020akz,Blithe,Sheets,"7231SycamoreSt.HollandLanding,ONL9N9A0"
x2019ala,Catharine,Hurt,"Innisfil,ONL9S1H8269CarpenterDrive"
x2016alb,Nancie,Rojas,"Bromont,QCJ2L7R5874WestBohemiaRd."
x2018alc,Charla,Couch,"CampobelloIsland,NBE5E7V99933GreenviewSt."
x2020ald,Doretta,Espinosa,"WestElmwoodSt.Val-d'Or,QCJ9P7P7"
x2017ale,Magdaia,Escobar,"95EastArcadiaSt.Lachute,QCJ8H9G4"
x2020alf,Lissy,Arellano,"SturgeonFalls,ONP2B5T472GardenDr."
x2020alg,Wallis,Bean,"DeerIsland,NBE5V7G371LivingstonSt."
x2014alh,Hendrika,Courtney,"Caraquet,NBE1W5K43KirklandRd."
x2014ali,Amity,Kramer,"9810FairgroundAvenueGreely,ONK4P4M4"
x2020alj,Hedwiga,Wolfe,"62RidgeStreetBoucherville,QCJ4B5S2"
x2014alk,Karina,Wyatt,"LaSarre,QCJ9Z5N33GlenholmeCourt"
x2018all,Arlene,Wyatt,"Joliette,QCJ6E6E87905SpringAve."
x2019alm,Ursuline,Woodruff,"MeadowLake,SKS9X9V3866SutorStreet"
x2018aln,Guenna,Olson,"Bromont,QCJ2L7R5874WestBohemiaRd."
x2016alo,Alexandra,Stapleton,"425E.KetchHarbourDr.FortFrances,ONP9A3V9"
x2015alp,Ardisj,Fair,"95EastArcadiaSt.Lachute,QCJ8H9G4"
x2018alq,Analise,Vick,"Manitoulin,ONP0P3C37985AcademyDrive"
x2020alr,Madelyn,Lawrence,"Nepean,ONK2G5X2735PendergastStreet"
x2020als,Halley,Couch,"947SouthamptonCourtIngersoll,ONN5C2E9"
x2018alt,Corrina,Olson,"Elgin,ONN0L7P922DunbarSt."
x2020alu,Carola,Buck,"Cap-Rouge,QCG1Y8A4169EastValleyViewSt."
x2017alv,Laural,Eddy,"R'e9giond'Oka,QCJ0N2J4313CreekDr."
x2017alw,Maryanne,Marrero,"7526AddisonStreetGagetown,NBE5M9S2"
x2015alx,Elena,Wright,"KananaskisCountry,ABT0L5L530OakMeadowAve."
x2016aly,Genevieve,Lott,"ChristmasIsland,NSB1T9G077CoffeeDr."
x2017alz,Sher,Russo,"7569YoungLaneWhiteRock,BCV4B7H9"
x2018ama,Valli,Trent,"Gasp'e9sie-Sud,QCG0C8B8718LeatherwoodSt."
x2016amb,Candra,Trent,"725CarriageCircleDoaktown,NBE9C8T4"
x2019amc,Kettie,Shoemaker,"Coverdale,NBE1J6E2170EastGartnerAve."
x2017amd,Kamilah,Elliot,"Dauphin,MBR7N1N54EastChestnutStreet"
x2019ame,Samantha,Ross,"Perth,ONK7H3A5636ChestnutSt."
x2018amf,Sybyl,Paige,"856FranklinSt.Metchosin,BCV9C9G8"
x2020amg,Lexi,Jaramillo,"R'e9giond'Oka,QCJ0N2J4313CreekDr."
x2016amh,Casi,Mcdonald,"62RidgeStreetBoucherville,QCJ4B5S2"
x2015ami,Elberta,Richard,"62RidgeStreetBoucherville,QCJ4B5S2"
x2020amj,Amara,Shaw,"7569YoungLaneWhiteRock,BCV4B7H9"
x2017amk,Truda,Parsons,"Elgin,ONN0L7P922DunbarSt."
x2017aml,Billi,Gilbert,"91OverlookAve.Saint-Antoine,NBE4V9J8"
x2015amm,Shaun,Tabor,"DeerIsland,NBE5V7G371LivingstonSt."
x2014amn,Danna,Castaneda,"Maple,ONL6A0N79569CemeteryAve."
x2016amo,Sophia,Olson,"9810FairgroundAvenueGreely,ONK4P4M4"
x2020amp,Kirby,Shafer,"Kingston,ONK7K2M8370GoldenStarAve."
x2018amq,Hazel,Buckley,"Delhi,ONN4B8N59108OakwoodRd."
x2014amr,Annaliese,Martinez,"Lepreau,NBE5J0E3486UnionStreet"
x2020ams,Cynthy,Coates,"Thompson,MBR8N3R46PurpleFinchDr."
x2015amt,Luciana,Fry,"Ladysmith,BCV9G5M666LowerRiverDrive"
x2016amu,Gwendolin,Reed,"9810FairgroundAvenueGreely,ONK4P4M4"
x2020amv,Laetitia,Oneal,"Kincardine,ONN2Z1S68037E.RaceAve."
x2020amw,Jelene,Parrish,"Cap-Rouge,QCG1Y8A4169EastValleyViewSt."
x2015amx,Jacqueline,Burger,"'celes-Laval,QCH7Y5B648AndoverStreet"
x2014amy,Eleen,Trent,"Boiestown,NBE6A4C48592S.RidgeviewStreet"
x2018amz,Gavrielle,Bean,"Elgin,ONN0L7P922DunbarSt."
x2015ana,Romy,Lloyd,"Torbay,LBA1K2E09812E.3rdAve."
x2015anb,Romola,Blanton,"DufferinCounty,ONL0N0L985CrescentLane"
x2020anc,Marianna,Wolfe,"Joliette,QCJ6E6E87905SpringAve."
x2020and,Carmencita,Hodge,"856FranklinSt.Metchosin,BCV9C9G8"
x2014ane,Joell,Dye,"Thompson,MBR8N3R46PurpleFinchDr."
x2016anf,Jessamine,Trejo,"L'Erable,QCG0Y8C4456LakeviewRoad"
x2014ang,Xena,Buchanan,"Vermilion,ABT9X7N37568ThompsonStreet"
x2016anh,Nicholle,Flowers,"972LibertyStreetCobourg,ONK9A8A7"
x2020ani,Elita,Hurt,"972LibertyStreetCobourg,ONK9A8A7"
x2016anj,Rafaelita,Shoemaker,"Joliette,QCJ6E6E87905SpringAve."
x2019ank,Shaina,Newell,522AddisonCourtUnit77
x2019anl,Annabela,Espinosa,"530WestTalbotDriveKentville,NSB4N5E6"
x2014anm,Roz,England,"1SummerhouseSt.Ste.Anne,MBR5H7K4"
x2017ann,Allyn,Kraft,"296W.YoungDriveQuesnel,BCV2J8V4"
x2017ano,Elizabeth,Donovan,"9CatherineSt.Wolfville,NSB4P2J7"
x2014anp,Cecilia,John,"Kincardine,ONN2Z1S68037E.RaceAve."
x2017anq,Elga,Couch,"JuandeFucaShore,BCV0S8H97707UniversityCourt"
x2016anr,Ulrike,Gregg,"LaSarre,QCJ9Z5N33GlenholmeCourt"
x2015ans,Audry,Keller,"NewGlasgow,NSB2H6R17005S.BrandywineDrive"
x2019ant,Ertha,Butcher,"Vermilion,ABT9X7N37568ThompsonStreet"
x2017anu,Ruthe,Sosa,"JuandeFucaShore,BCV0S8H97707UniversityCourt"
x2019anv,Melesa,Powers,"762TempleSt.LaPlaine,QCJ7M5E7"
x2016anw,Elisabet,Pollock,"Albanel,QCG8M5B69HawthorneSt."
x2020anx,Janeczka,Paige,"51ArcadiaSt.Debec,NBE7N7L2"
x2020any,Ashla,Trent,"762TempleSt.LaPlaine,QCJ7M5E7"
x2015anz,Gabie,Davidson,"ChristmasIsland,NSB1T9G077CoffeeDr."
x2019aoa,Cheri,Mcintosh,"1SummerhouseSt.Ste.Anne,MBR5H7K4"
x2018aob,Melloney,Winkler,"Vermilion,ABT9X7N37568ThompsonStreet"
x2015aoc,Consolata,Bruner,"Kingston,ONK7K2M8370GoldenStarAve."
x2015aod,Nerty,Hairston,"DeerIsland,NBE5V7G371LivingstonSt."
x2014aoe,Ryann,Bruner,"Appalaches,QCG0R4C78435RockawayCircle"
x2017aof,Caroljean,Pope,"HantsCounty,NSB0N8H5764SnakeHillDrive"
x2019aog,Jennine,Langley,"DufferinCounty,ONL0N0L985CrescentLane"
x2019aoh,Arliene,Langley,"Cap-Rouge,QCG1Y8A4169EastValleyViewSt."
x2016aoi,Georgetta,Mckinney,"QueensCounty,NSB0T0L851PiperStreet"
x2019aoj,Goldia,Rojas,"MeadowLake,SKS9X9V3866SutorStreet"
x2020aok,Teresa,Bruner,"JuandeFucaShore,BCV0S8H97707UniversityCourt"
x2015aol,Demetria,Donovan,"Athabasca,ABT9S6Y4886WakehurstSt."
x2018aom,Timi,Maldonado,"7149WilliamSt.Quispamsis,NBE2G6Y5"
x2016aon,Dusty,Vick,"Ladysmith,BCV9G5M666LowerRiverDrive"
x2016aoo,Sisile,Rose,"692ThirdDr.Selkirk,MBR1A9S4"
x2015aop,Casey,Russo,"'celes-Laval,QCH7Y5B648AndoverStreet"
x2019aoq,Charlotta,Arellano,"762TempleSt.LaPlaine,QCJ7M5E7"
x2017aor,Paloma,Trotter,"TourdelaBourse,QCH4Z6J4794W.MonroeStreet"
x2016aos,Lorilyn,Pollock,"725CarriageCircleDoaktown,NBE9C8T4"
x2016aot,Tyne,Parrish,"Maple,ONL6A0N79569CemeteryAve."
x2019aou,Zsa Zsa,Drew,"91OverlookAve.Saint-Antoine,NBE4V9J8"
x2015aov,Tawnya,Jacobsen,"SturgeonFalls,ONP2B5T472GardenDr."
x2018aow,Carmel,Mcintosh,"7231SycamoreSt.HollandLanding,ONL9N9A0"
x2014aox,Adrea,Castaneda,"7569YoungLaneWhiteRock,BCV4B7H9"
x2015aoy,Erinna,Dickey,"Delhi,ONN4B8N59108OakwoodRd."
x2014aoz,Bess,Gregg,"Perth,ONK7H3A5636ChestnutSt."
x2018apa,Lanae,Park,"Ponoka,ABT4J2V064HomesteadAve."
x2017apb,Nancie,Yu,"L'Erable,QCG0Y8C4456LakeviewRoad"
x2014apc,Caroline,Sapp,"Saint-Quentin,NBE8A0A261AndoverAve."
x2015apd,Conni,Paige,"42PrimroseSt.Chelsea,QCJ9B6T4"
x2019ape,Kirsti,Lara,"L'Erable,QCG0Y8C4456LakeviewRoad"
x2016apf,Loria,Gee,"Hamilton,ONL8E6H01AirportStreet"
x2017apg,Leela,Rose,"Morden,MBR6M3K29314CanterburyAve."
x2020aph,Merrili,Doran,"Gananoque,ONK7G8R58044LoganStreet"
x2019api,Marti,Mohr,"LaSarre,QCJ9Z5N33GlenholmeCourt"
x2017apj,Jilli,Gee,"Ladysmith,BCV9G5M666LowerRiverDrive"
x2020apk,Virginia,Espinosa,"Gasp'e9sie-Sud,QCG0C8B8718LeatherwoodSt."
x2016apl,Sammy,Valenzuela,"Woodstock,NBE7M9X97380MeadowAve."
x2018apm,Lee,Winkler,"Hampton,NBE5N4X645SheffieldAve."
x2020apn,Gweneth,Orozco,"Joliette,QCJ6E6E87905SpringAve."
x2018apo,Ddene,Arellano,"91OverlookAve.Saint-Antoine,NBE4V9J8"
x2016app,Maressa,Dill,"Centreville,NBE7K8H4564W.PhilmontSt."
x2019apq,Lisa,Vick,"Bromont,QCJ2L7R5874WestBohemiaRd."
x2019apr,Ronni,Hurt,"Caraquet,NBE1W5K43KirklandRd."
x2020aps,Dorthy,Bruner,"Appalaches,QCG0R4C78435RockawayCircle"
x2020apt,Bette,Hairston,"Stouffville,ONL4A9V38903WestMeadowCourt"
x2019apu,Eba,Doss,"Dauphin,MBR7N1N54EastChestnutStreet"
x2020apv,Marisa,Trent,"ChristmasIsland,NSB1T9G077CoffeeDr."
x2017apw,Elianora,Rojas,"NewGlasgow,NSB2H6R17005S.BrandywineDrive"
x2018apx,Letizia,Powers,"1SummerhouseSt.Ste.Anne,MBR5H7K4"
x2018apy,Bev,Sterling,"HantsCounty,NSB0N8H5764SnakeHillDrive"
x2016apz,Bidget,Finley,"296W.YoungDriveQuesnel,BCV2J8V4"
x2015aqa,Florinda,Devine,"HantsCounty,NSB0N8H5764SnakeHillDrive"
x2016aqb,Janenna,Drew,"762TempleSt.LaPlaine,QCJ7M5E7"
x2019aqc,Blondie,Mosley,"972LibertyStreetCobourg,ONK9A8A7"
x2018aqd,Kate,Montano,"R'e9giond'Oka,QCJ0N2J4313CreekDr."
x2018aqe,Anica,Mccoy,"296W.YoungDriveQuesnel,BCV2J8V4"
x2016aqf,Lianna,Leonard,"530WestTalbotDriveKentville,NSB4N5E6"
x2020aqg,Beatrice,Otto,"LaSarre,QCJ9Z5N33GlenholmeCourt"
x2015aqh,Karylin,Vela,"Morden,MBR6M3K29314CanterburyAve."
x2018aqi,Leila,Berger,"KananaskisCountry,ABT0L5L530OakMeadowAve."
x2015aqj,Eada,Shaver,"Rivi'e8re-du-Loup,QCG5R4V167AirportAve."
x2019aqk,Katusha,Lara,"Laterri'e8re,QCG7N4R11GrandStreet"
x2020aql,Kamilah,Sterling,"HantsCounty,NSB0N8H5764SnakeHillDrive"
x2014aqm,Rosaline,Yu,"95EastArcadiaSt.Lachute,QCJ8H9G4"
x2018aqn,Pattie,Lara,"KananaskisCountry,ABT0L5L530OakMeadowAve."
x2019aqo,Sheila,Hardin,"Antigonish,NSB2G8T97RockvilleSt."
x2016aqp,Phillida,Kramer,"51ArcadiaSt.Debec,NBE7N7L2"
x2016aqq,Ondrea,Mosley,"Hamilton,ONL8E6H01AirportStreet"
x2016aqr,Talyah,Butcher,"Comox,BCV9M6C584BrownSt."
x2018aqs,Andree,Trotter,"68KetchHarbourSt.Duncan,BCV9L4V1"
x2019aqt,Brenda,Leary,"Coverdale,NBE1J6E2170EastGartnerAve."
x2020aqu,Aleece,Powers,"Penticton,BCV2A1C437HarveyRd."
x2019aqv,Colene,Jernigan,"NewGlasgow,NSB2H6R17005S.BrandywineDrive"
x2017aqw,Sarene,Butcher,"ChristmasIsland,NSB1T9G077CoffeeDr."
x2019aqx,Oneida,Lara,"Elgin,ONN0L7P922DunbarSt."
x2015aqy,Codee,Dill,"296W.YoungDriveQuesnel,BCV2J8V4"
x2015aqz,Glenda,Cates,"Kingston,ONK7K2M8370GoldenStarAve."
x2017ara,Amitie,Whalen,"Innisfil,ONL9S1H8269CarpenterDrive"
x2016arb,Rozella,Lara,"SturgeonFalls,ONP2B5T472GardenDr."
x2018arc,Jaime,Holman,"Taber,ABT1G6G283SouthIroquoisSt."
x2015ard,Mel,Mcmillan,"Cap-Rouge,QCG1Y8A4169EastValleyViewSt."
x2018are,Jacquie,Robison,"1SummerhouseSt.Ste.Anne,MBR5H7K4"
x2014arf,Sharity,Mayfield,"Saint-Quentin,NBE8A0A261AndoverAve."
x2017arg,Nanice,Parrish,"95EastArcadiaSt.Lachute,QCJ8H9G4"
x2019arh,Ara,Drew,"Carbonear,LBA1Y5H172ParkerDr."
x2017ari,Irena,Hurt,"425E.KetchHarbourDr.FortFrances,ONP9A3V9"
x2014arj,Rubia,Langley,"DorvalOutskirts,QCH9P9S57564LongbranchRd."
x2019ark,Bonnie,Romo,"Carbonear,LBA1Y5H172ParkerDr."
x2015arl,Dorris,Olson,"Stouffville,ONL4A9V38903WestMeadowCourt"
x2020arm,Angelia,Ham,"'celes-Laval,QCH7Y5B648AndoverStreet"
x2017arn,Doe,Wolfe,"Boiestown,NBE6A4C48592S.RidgeviewStreet"
x2018aro,Caitlin,Rankin,"747WoodlandAve.St.George,NBE5C9X3"
x2014arp,Sarena,Marrero,"Innisfil,ONL9S1H8269CarpenterDrive"
x2015arq,Codi,Langley,"WestElmwoodSt.Val-d'Or,QCJ9P7P7"
x2015arr,Jodi,Saenz,"KananaskisCountry,ABT0L5L530OakMeadowAve."
x2014ars,Philippe,Dill,"95EastArcadiaSt.Lachute,QCJ8H9G4"
x2018art,Rozelle,Ham,"Carbonear,LBA1Y5H172ParkerDr."
x2017aru,Susann,Cates,"Appalaches,QCG0R4C78435RockawayCircle"
x2015arv,Leone,Doran,"68KetchHarbourSt.Duncan,BCV9L4V1"
x2016arw,Lyndsie,John,"WestElmwoodSt.Val-d'Or,QCJ9P7P7"
x2018arx,Angelica,Vick,"692ThirdDr.Selkirk,MBR1A9S4"
x2014ary,Lenka,Dennis,"856FranklinSt.Metchosin,BCV9C9G8"
x2017arz,Ailene,Elliot,"L'Erable,QCG0Y8C4456LakeviewRoad"
x2020asa,Nissy,Pollock,"68KetchHarbourSt.Duncan,BCV9L4V1"
x2017asb,Jesselyn,Shafer,"Hamilton,ONL8E6H01AirportStreet"
x2016asc,Kim,Pope,"530WestTalbotDriveKentville,NSB4N5E6"
x2014asd,Amabelle,Leal,"Stouffville,ONL4A9V38903WestMeadowCourt"
x2015ase,Florry,Toney,"Sainte-Julie,QCJ3E1G288RyanAve."
x2015asf,Mariejeanne,Hurt,"Kingston,ONK7K2M8370GoldenStarAve."
x2015asg,Roze,Lott,"Gananoque,ONK7G8R58044LoganStreet"
x2015ash,Dusty,Finley,"NewGlasgow,NSB2H6R17005S.BrandywineDrive"
x2014asi,Lilith,Elliot,"Carbonear,LBA1Y5H172ParkerDr."
x2017asj,Gaye,Winkler,"8829SE.SummerhouseDr.Laval-des-Rapides,QCH7N0J3"
x2016ask,Tedra,Otto,"692ThirdDr.Selkirk,MBR1A9S4"
x2017asl,Berthe,Butcher,"Lepreau,NBE5J0E3486UnionStreet"
x2019asm,Talia,Keller,"91OverlookAve.Saint-Antoine,NBE4V9J8"
x2014asn,Jeana,John,"JuandeFucaShore,BCV0S8H97707UniversityCourt"
x2017aso,Cecelia,Walls,"DufferinCounty,ONL0N0L985CrescentLane"
x2017asp,Lexi,Eddy,"Saint-Quentin,NBE8A0A261AndoverAve."
x2018asq,Ina,Buck,"Antigonish,NSB2G8T97RockvilleSt."
x2019asr,Henka,Rudd,"Listowel,ONN4W4G92GlendaleSt."
x2014ass,Darell,Parrish,"L'Erable,QCG0Y8C4456LakeviewRoad"
x2016ast,Annora,Crowder,"Rivi'e8re-du-Loup,QCG5R4V167AirportAve."
x2020asu,Tracee,Mohr,"Taber,ABT1G6G283SouthIroquoisSt."
x2016asv,Diana,Arellano,"WestElmwoodSt.Val-d'Or,QCJ9P7P7"
x2016asw,Caryn,Dugan,"Stouffville,ONL4A9V38903WestMeadowCourt"
x2018asx,Marrilee,Leal,"Appalaches,QCG0R4C78435RockawayCircle"
x2019asy,Rahal,Davidson,"Torbay,LBA1K2E09812E.3rdAve."
x2017asz,Allianora,Rose,"DeerIsland,NBE5V7G371LivingstonSt."
x2014ata,Gay,Rudd,"Ladysmith,BCV9G5M666LowerRiverDrive"
x2020atb,Amelita,Buchanan,"Comox,BCV9M6C584BrownSt."
x2017atc,Kylen,Eddy,"692ThirdDr.Selkirk,MBR1A9S4"
x2016atd,Moria,Wright,"HantsCounty,NSB0N8H5764SnakeHillDrive"
x2016ate,Saundra,Toney,"Carbonear,LBA1Y5H172ParkerDr."
x2020atf,Lydie,John,"JuandeFucaShore,BCV0S8H97707UniversityCourt"
x2016atg,Carmel,Winkler,"947SouthamptonCourtIngersoll,ONN5C2E9"
x2016ath,Sallee,Briggs,522AddisonCourtUnit77
x2016ati,Tabby,Gutierrez,"7149WilliamSt.Quispamsis,NBE2G6Y5"
x2019atj,Etti,Holman,"Listowel,ONN4W4G92GlendaleSt."
x2019atk,Ruthe,Mcmillan,"JuandeFucaShore,BCV0S8H97707UniversityCourt"
x2016atl,Maisey,Mohr,522AddisonCourtUnit77
x2018atm,Viola,Rojas,"L'Erable,QCG0Y8C4456LakeviewRoad"
x2015atn,Cahra,Rankin,"Kincardine,ONN2Z1S68037E.RaceAve."
x2015ato,Joceline,Buckley,"DeerIsland,NBE5V7G371LivingstonSt."
x2020atp,Nicolette,Leary,"Hawkesbury,ONK6A6V9588PurpleFinchRoad"
x2019atq,Tandi,Crowder,"Morden,MBR6M3K29314CanterburyAve."
x2019atr,Natalina,Bruner,"95EastArcadiaSt.Lachute,QCJ8H9G4"
x2015ats,Meredithe,Moody,"8829SE.SummerhouseDr.Laval-des-Rapides,QCH7N0J3"
x2014att,Tessie,England,"91OverlookAve.Saint-Antoine,NBE4V9J8"
x2020atu,Shannen,Fuentes,"Listowel,ONN4W4G92GlendaleSt."
x2016atv,Lenka,Buckley,"KananaskisCountry,ABT0L5L530OakMeadowAve."
x2019atw,Eda,Wright,"Comox,BCV9M6C584BrownSt."
x2014atx,Maybelle,Mayfield,"8829SE.SummerhouseDr.Laval-des-Rapides,QCH7N0J3"
x2019aty,Francesca,Huddleston,"Joliette,QCJ6E6E87905SpringAve."
x2018atz,Amelie,Edwards,"Gasp'e9sie-Sud,QCG0C8B8718LeatherwoodSt."
x2020aua,Damara,Yu,"95EastArcadiaSt.Lachute,QCJ8H9G4"
x2020aub,Bernie,Montano,"Morden,MBR6M3K29314CanterburyAve."
x2018auc,Alys,Fischer,"JuandeFucaShore,BCV0S8H97707UniversityCourt"
x2014aud,Eryn,Rankin,"ChristmasIsland,NSB1T9G077CoffeeDr."
x2018aue,Rycca,Norwood,"Rivi'e8re-du-Loup,QCG5R4V167AirportAve."
x2016auf,Carrie,Jernigan,"FortSt.John,BCV1J1Y4838WalnutSt."
x2016aug,Garnet,Rankin,"Manitoulin,ONP0P3C37985AcademyDrive"
x2017auh,Orly,Sterling,"Elgin,ONN0L7P922DunbarSt."
x2019aui,Susana,Hurt,"HantsCounty,NSB0N8H5764SnakeHillDrive"
x2017auj,Juliana,Briggs,"95EastArcadiaSt.Lachute,QCJ8H9G4"
x2016auk,Ursula,William,"Cranbrook,BCV1C6H68691FultonStreet"
x2015aul,Sandra,Mcintosh,"762TempleSt.LaPlaine,QCJ7M5E7"
x2016aum,Hillary,Kraft,"Albanel,QCG8M5B69HawthorneSt."
x2017aun,Olly,Trent,"64MeadowbrookCourtMont'e9r'e9gie-Est,QCJ0J4P7"
x2020auo,Zahara,Eddy,"Delhi,ONN4B8N59108OakwoodRd."
x2018aup,Charmine,Metcalf,522AddisonCourtUnit77
x2014auq,Mae,Woodruff,"Morden,MBR6M3K29314CanterburyAve."
x2019aur,Hilliary,Koenig,"Dauphin,MBR7N1N54EastChestnutStreet"
x2018aus,Delly,Mccauley,"JuandeFucaShore,BCV0S8H97707UniversityCourt"
x2017aut,Lolly,Saenz,"95EastArcadiaSt.Lachute,QCJ8H9G4"
x2019auu,Allis,Holman,"Saint-Prime,QCG8J3T59407LongfellowSt."
x2018auv,Karry,Wright,"Antigonish,NSB2G8T97RockvilleSt."
x2016auw,Essa,Robison,"Coverdale,NBE1J6E2170EastGartnerAve."
x2015aux,Colette,Drew,"DeerIsland,NBE5V7G371LivingstonSt."
x2017auy,Janey,Hurt,"Boiestown,NBE6A4C48592S.RidgeviewStreet"
x2018auz,Kala,Battle,"JuandeFucaShore,BCV0S8H97707UniversityCourt"
x2019ava,Shane,Hodge,"Penticton,BCV2A1C437HarveyRd."
x2014avb,Larine,Buckley,"91OverlookAve.Saint-Antoine,NBE4V9J8"
x2020avc,Livvy,Berger,"FortSt.John,BCV1J1Y4838WalnutSt."
x2017avd,Koressa,Bryant,"WestElmwoodSt.Val-d'Or,QCJ9P7P7"
x2017ave,Rochelle,Escobar,"HantsCounty,NSB0N8H5764SnakeHillDrive"
x2014avf,Lotty,Elliot,"Boiestown,NBE6A4C48592S.RidgeviewStreet"
x2014avg,Jessalin,Hogue,"Gananoque,ONK7G8R58044LoganStreet"
x2017avh,Kelcy,Dodd,"Delhi,ONN4B8N59108OakwoodRd."
x2016avi,Zena,Dill,"Collingwood,ONL9Y4K733LindaSt."
x2016avj,Freddie,Dodd,"WestElmwoodSt.Val-d'Or,QCJ9P7P7"
x2015avk,Bertha,Kraft,"CampobelloIsland,NBE5E7V99933GreenviewSt."
x2018avl,Devin,Perkins,"42PrimroseSt.Chelsea,QCJ9B6T4"
x2018avm,Wandie,Mckinney,"Caraquet,NBE1W5K43KirklandRd."
x2018avn,Calla,Shaver,"YoungsCove,NBE4C9R753EdgewoodSt."
x2018avo,Leeanne,Finley,"Appalaches,QCG0R4C78435RockawayCircle"
x2017avp,Liz,Otto,"Laterri'e8re,QCG7N4R11GrandStreet"
x2014avq,Naoma,Parsons,"9810FairgroundAvenueGreely,ONK4P4M4"
x2019avr,Indira,Hemphill,"Laterri'e8re,QCG7N4R11GrandStreet"
x2020avs,Shawna,Winkler,"64MeadowbrookCourtMont'e9r'e9gie-Est,QCJ0J4P7"
x2017avt,Nixie,Dugan,"Maple,ONL6A0N79569CemeteryAve."
x2014avu,Pearla,Jernigan,"Kingston,ONK7K2M8370GoldenStarAve."
x2014avv,Pru,Robison,"62RidgeStreetBoucherville,QCJ4B5S2"
x2015avw,Julienne,Russo,"Penticton,BCV2A1C437HarveyRd."
x2014avx,Nicky,Crowder,"8953NorthSpruceSt.Masson-Angers,QCJ8M6L5"
x2019avy,Viola,Donaldson,"7149WilliamSt.Quispamsis,NBE2G6Y5"
x2017avz,Karita,Jaramillo,"62RidgeStreetBoucherville,QCJ4B5S2"
x2020awa,Ivonne,Burnette,"Athabasca,ABT9S6Y4886WakehurstSt."
x2020awb,Lydie,Heller,"Woodstock,NBE7M9X97380MeadowAve."
x2020awc,Clare,Vick,"KananaskisCountry,ABT0L5L530OakMeadowAve."
x2016awd,Libbey,Berger,"TourdelaBourse,QCH4Z6J4794W.MonroeStreet"
x2020awe,Laureen,Neal,"Caraquet,NBE1W5K43KirklandRd."
x2019awf,Barby,Mayfield,"Centreville,NBE7K8H4564W.PhilmontSt."
x2018awg,Rhodia,Edwards,"L'Erable,QCG0Y8C4456LakeviewRoad"
x2017awh,Thelma,Hull,"Dauphin,MBR7N1N54EastChestnutStreet"
x2020awi,Kristal,Hull,"Antigonish,NSB2G8T97RockvilleSt."
x2014awj,Grethel,Shaw,"Hampton,NBE5N4X645SheffieldAve."
x2015awk,Nicole,Knutson,"MeadowLake,SKS9X9V3866SutorStreet"
x2016awl,Deva,Mendez,"7569YoungLaneWhiteRock,BCV4B7H9"
x2015awm,Sonja,Eddy,"Delhi,ONN4B8N59108OakwoodRd."
x2015awn,Hermione,Dickey,"296W.YoungDriveQuesnel,BCV2J8V4"
x2020awo,Gilligan,Otto,"762TempleSt.LaPlaine,QCJ7M5E7"
x2016awp,Vivia,Battle,"YoungsCove,NBE4C9R753EdgewoodSt."
x2015awq,Selia,Mohr,"68KetchHarbourSt.Duncan,BCV9L4V1"
x2017awr,Velma,Parker,"KananaskisCountry,ABT0L5L530OakMeadowAve."
x2019aws,Ilysa,Gutierrez,"CampobelloIsland,NBE5E7V99933GreenviewSt."
x2019awt,Diana,Lott,"Caraquet,NBE1W5K43KirklandRd."
x2018awu,Tanhya,Dickey,"KananaskisCountry,ABT0L5L530OakMeadowAve."
x2017awv,Othella,Gutierrez,"7149WilliamSt.Quispamsis,NBE2G6Y5"
x2016aww,Mandy,Espinosa,"Trail,BCV1R9T949N.ChurchDr."
x2016awx,Paige,Kraft,"Nepean,ONK2G5X2735PendergastStreet"
x2014awy,Charlotta,Dickens,"YoungsCove,NBE4C9R753EdgewoodSt."
x2017awz,Eada,Mckinney,"ChristmasIsland,NSB1T9G077CoffeeDr."
x2014axa,Lyndsay,Sullivan,"692ThirdDr.Selkirk,MBR1A9S4"
x2017axb,Christine,Craft,"Boiestown,NBE6A4C48592S.RidgeviewStreet"
x2016axc,Lil,Powers,"'celes-Laval,QCH7Y5B648AndoverStreet"
x2018axd,Ilka,Mccoy,"JuandeFucaShore,BCV0S8H97707UniversityCourt"
x2014axe,Sunshine,Gutierrez,"7149WilliamSt.Quispamsis,NBE2G6Y5"
x2014axf,Pippa,Lott,"'celes-Laval,QCH7Y5B648AndoverStreet"
x2016axg,Esta,Parker,"91OverlookAve.Saint-Antoine,NBE4V9J8"
x2014axh,Cathryn,Mcmillan,"R'e9giond'Oka,QCJ0N2J4313CreekDr."
x2017axi,Dede,Briggs,"62RidgeStreetBoucherville,QCJ4B5S2"
x2014axj,Clarisse,Tabor,"DeerIsland,NBE5V7G371LivingstonSt."
x2017axk,Phyllys,Edwards,"QueensCounty,NSB0T0L851PiperStreet"
x2018axl,Darcee,Pritchett,"TourdelaBourse,QCH4Z6J4794W.MonroeStreet"
x2017axm,Virgina,Fair,"Caraquet,NBE1W5K43KirklandRd."
x2014axn,Kass,Hemphill,"QueensCounty,NSB0T0L851PiperStreet"
x2020axo,Priscilla,Blackmon,"FortSt.John,BCV1J1Y4838WalnutSt."
x2018axp,Yelena,Blanton,"Cranbrook,BCV1C6H68691FultonStreet"
x2019axq,Sashenka,Hansen,"Saint-Quentin,NBE8A0A261AndoverAve."
x2017axr,Jessamyn,Dickey,"425E.KetchHarbourDr.FortFrances,ONP9A3V9"
x2014axs,Hali,Langley,"Innisfil,ONL9S1H8269CarpenterDrive"
x2016axt,Brianne,William,"'celes-Laval,QCH7Y5B648AndoverStreet"
x2020axu,Shelia,William,"1SummerhouseSt.Ste.Anne,MBR5H7K4"
x2015axv,Ronny,Devine,522AddisonCourtUnit77
x2019axw,Martita,Butcher,"Joliette,QCJ6E6E87905SpringAve."
x2018axx,Doroteya,Lott,"Sainte-Julie,QCJ3E1G288RyanAve."
x2018axy,Lorelle,Leonard,"WestElmwoodSt.Val-d'Or,QCJ9P7P7"
x2017axz,Pamella,Yu,"ChristmasIsland,NSB1T9G077CoffeeDr."
x2015aya,Nadya,England,"H'e9bertville,QCG8N3V0646SherwoodAve."
x2019ayb,Althea,Dye,"Courtice,ONL1E5G58973WestMilesAve."
x2017ayc,Viole,Wyatt,"Listowel,ONN4W4G92GlendaleSt."
x2019ayd,Opal,Heller,"Dauphin,MBR7N1N54EastChestnutStreet"
x2016aye,Carmine,Paige,"972LibertyStreetCobourg,ONK9A8A7"
x2020ayf,Louella,Dill,"Nepean,ONK2G5X2735PendergastStreet"
x2019ayg,Damaris,Sapp,"972LibertyStreetCobourg,ONK9A8A7"
x2017ayh,Zenia,Shaver,"Thompson,MBR8N3R46PurpleFinchDr."
x2018ayi,Evanne,Battle,"51ArcadiaSt.Debec,NBE7N7L2"
x2014ayj,Idell,Bryson,"QueensCounty,NSB0T0L851PiperStreet"
x2020ayk,Sephira,Maldonado,"FortSt.John,BCV1J1Y4838WalnutSt."
x2019ayl,Ernestine,Beaver,"MeadowLake,SKS9X9V3866SutorStreet"
x2018aym,Nanci,Reed,"Stouffville,ONL4A9V38903WestMeadowCourt"
x2014ayn,Konstance,Briggs,"Elgin,ONN0L7P922DunbarSt."
x2016ayo,Alvera,Briggs,"530WestTalbotDriveKentville,NSB4N5E6"
x2020ayp,Laureen,Norwood,"530WestTalbotDriveKentville,NSB4N5E6"
x2019ayq,Malissa,Pollock,"Centreville,NBE7K8H4564W.PhilmontSt."
x2019ayr,Celesta,Mcintosh,"Thompson,MBR8N3R46PurpleFinchDr."
x2018ays,Imogen,Rose,"Kingston,ONK7K2M8370GoldenStarAve."
x2016ayt,Veronique,Romo,"MeadowLake,SKS9X9V3866SutorStreet"
x2015ayu,Dodie,Jaramillo,"1SummerhouseSt.Ste.Anne,MBR5H7K4"
x2019ayv,Lishe,Marrero,"Vermilion,ABT9X7N37568ThompsonStreet"
x2015ayw,Nertie,Rocha,"Elgin,ONN0L7P922DunbarSt."
x2019ayx,Laverna,Escobar,"62RidgeStreetBoucherville,QCJ4B5S2"
x2018ayy,Kirsteni,Hodge,"HantsCounty,NSB0N8H5764SnakeHillDrive"
x2015ayz,Camellia,Romo,"Antigonish,NSB2G8T97RockvilleSt."
x2016aza,Emmeline,Kramer,"Woodstock,NBE7M9X97380MeadowAve."
x2015azb,Daria,Espinosa,"H'e9bertville,QCG8N3V0646SherwoodAve."
x2017azc,Layne,Lundy,"LaSarre,QCJ9Z5N33GlenholmeCourt"
x2019azd,Atlanta,Saenz,"DufferinCounty,ONL0N0L985CrescentLane"
x2014aze,Carmelita,Bruner,"Maple,ONL6A0N79569CemeteryAve."
x2014azf,Pauletta,Trejo,"Saint-Prime,QCG8J3T59407LongfellowSt."
x2017azg,Blisse,Larson,"42PrimroseSt.Chelsea,QCJ9B6T4"
x2015azh,Tamara,Gee,"Morden,MBR6M3K29314CanterburyAve."
x2020azi,Cati,Powers,"Torbay,LBA1K2E09812E.3rdAve."
x2017azj,Lenore,Buckley,"Laterri'e8re,QCG7N4R11GrandStreet"
x2020azk,Ronny,Blanton,"856FranklinSt.Metchosin,BCV9C9G8"
x2014azl,Tamra,Buck,"Boiestown,NBE6A4C48592S.RidgeviewStreet"
x2018azm,Kacy,William,"8953NorthSpruceSt.Masson-Angers,QCJ8M6L5"
x2020azn,Gay,Eddy,"Stouffville,ONL4A9V38903WestMeadowCourt"
x2017azo,Matilde,Buckley,"9CatherineSt.Wolfville,NSB4P2J7"
x2017azp,Shirlene,Rose,"Manitoulin,ONP0P3C37985AcademyDrive"
x2018azq,Brittaney,England,"64MeadowbrookCourtMont'e9r'e9gie-Est,QCJ0J4P7"
x2018azr,Vanessa,Hull,522AddisonCourtUnit77
x2020azs,Ginger,Briggs,"DufferinCounty,ONL0N0L985CrescentLane"
x2016azt,Flory,Burgess,"Lepreau,NBE5J0E3486UnionStreet"
x2020azu,Fran,John,"Penticton,BCV2A1C437HarveyRd."
x2019azv,Eartha,Leonard,"LaBaie,QCG7B7N28861DepotSt."
x2014azw,Donni,Buck,"9CatherineSt.Wolfville,NSB4P2J7"
x2020azx,Tiphani,Park,"692ThirdDr.Selkirk,MBR1A9S4"
x2020azy,Prissie,Kuhn,"Gananoque,ONK7G8R58044LoganStreet"
x2016azz,Michelle,Belcher,"9810FairgroundAvenueGreely,ONK4P4M4"
x2018baa,Jilli,Fuentes,"Hampton,NBE5N4X645SheffieldAve."
x2014bab,Kala,Holmes,"Antigonish,NSB2G8T97RockvilleSt."
x2020bac,Victoria,Moody,"Penticton,BCV2A1C437HarveyRd."
x2020bad,Cammi,Gutierrez,"Saint-Prime,QCG8J3T59407LongfellowSt."
x2016bae,Marylinda,Reed,"8829SE.SummerhouseDr.Laval-des-Rapides,QCH7N0J3"
x2014baf,Livvyy,Holmes,"947SouthamptonCourtIngersoll,ONN5C2E9"
x2017bag,Debee,Lott,"9CatherineSt.Wolfville,NSB4P2J7"
x2014bah,Karie,Flowers,522AddisonCourtUnit77
x2016bai,Joan,Fuentes,"JuandeFucaShore,BCV0S8H97707UniversityCourt"
x2016baj,Sibel,Carey,"1SummerhouseSt.Ste.Anne,MBR5H7K4"
x2020bak,Faun,Bruner,"L'Erable,QCG0Y8C4456LakeviewRoad"
x2018bal,Hildegaard,Hurt,"Vermilion,ABT9X7N37568ThompsonStreet"
x2020bam,Albertina,Hurt,"Vermilion,ABT9X7N37568ThompsonStreet"
x2015ban,Wenda,Mendez,"947SouthamptonCourtIngersoll,ONN5C2E9"
x2015bao,Dodie,Dodd,"296W.YoungDriveQuesnel,BCV2J8V4"
x2020bap,Franni,Arellano,"Albanel,QCG8M5B69HawthorneSt."
x2015baq,Mildrid,Rudd,"11WakehurstSt.Tillsonburg,ONN4G7V1"
x2016bar,Cristina,Otto,"Nepean,ONK2G5X2735PendergastStreet"
x2015bas,Arabela,Randall,"Courtice,ONL1E5G58973WestMilesAve."
x2019bat,Ingeborg,Jernigan,"42PrimroseSt.Chelsea,QCJ9B6T4"
x2018bau,Leticia,Olson,"Kingston,ONK7K2M8370GoldenStarAve."
x2019bav,Erma,Vela,"KananaskisCountry,ABT0L5L530OakMeadowAve."
x2017baw,Blinny,Romo,"Gananoque,ONK7G8R58044LoganStreet"
x2020bax,Leonanie,Sullivan,"856FranklinSt.Metchosin,BCV9C9G8"
x2017bay,Codee,Champagne,"Kincardine,ONN2Z1S68037E.RaceAve."
x2016baz,Catlee,Butcher,"296W.YoungDriveQuesnel,BCV2J8V4"
x2015bba,Mozelle,Moody,"7231SycamoreSt.HollandLanding,ONL9N9A0"
x2019bbb,Lorianna,Burger,"Antigonish,NSB2G8T97RockvilleSt."
x2017bbc,Honor,Rodriguez,"Saint-Prime,QCG8J3T59407LongfellowSt."
x2015bbd,Oliy,Briggs,"1SummerhouseSt.Ste.Anne,MBR5H7K4"
x2020bbe,Roanne,Powers,"QueensCounty,NSB0T0L851PiperStreet"
x2018bbf,Hatti,Woodruff,"Woodstock,NBE7M9X97380MeadowAve."
x2018bbg,Hollyanne,Marrero,"51ArcadiaSt.Debec,NBE7N7L2"
x2017bbh,Ekaterina,Tripp,"Torbay,LBA1K2E09812E.3rdAve."
x2015bbi,Kylie,Donovan,"CampobelloIsland,NBE5E7V99933GreenviewSt."
x2020bbj,Dorry,Espinosa,"Centreville,NBE7K8H4564W.PhilmontSt."
x2017bbk,Charin,Mccoy,"KananaskisCountry,ABT0L5L530OakMeadowAve."
x2015bbl,Georgette,Koenig,"Taber,ABT1G6G283SouthIroquoisSt."
x2017bbm,Babs,Holman,"DorvalOutskirts,QCH9P9S57564LongbranchRd."
x2017bbn,Inga,Vick,"Perth,ONK7H3A5636ChestnutSt."
x2015bbo,April,Lara,"DufferinCounty,ONL0N0L985CrescentLane"
x2016bbp,Alexi,Rasmussen,"Listowel,ONN4W4G92GlendaleSt."
x2015bbq,Dorothy,Ham,"Woodstock,NBE7M9X97380MeadowAve."
x2014bbr,Marian,Guidry,"Rivi'e8re-du-Loup,QCG5R4V167AirportAve."
x2019bbs,Elna,Lott,"Kincardine,ONN2Z1S68037E.RaceAve."
x2016bbt,Calli,Russo,"91OverlookAve.Saint-Antoine,NBE4V9J8"
x2016bbu,Joli,Staples,"DeerIsland,NBE5V7G371LivingstonSt."
x2015bbv,Fionnula,Holmes,"Vermilion,ABT9X7N37568ThompsonStreet"
x2016bbw,Aimee,Donovan,"68KetchHarbourSt.Duncan,BCV9L4V1"
x2019bbx,Olimpia,Shoemaker,"Trail,BCV1R9T949N.ChurchDr."
x2019bby,Emily,Rudd,"747WoodlandAve.St.George,NBE5C9X3"
x2019bbz,Mignon,Buck,"NewGlasgow,NSB2H6R17005S.BrandywineDrive"
x2018bca,Amalee,Castaneda,"'celes-Laval,QCH7Y5B648AndoverStreet"
x2020bcb,Thekla,Jaramillo,"Athabasca,ABT9S6Y4886WakehurstSt."
x2015bcc,Emily,Edwards,"68KetchHarbourSt.Duncan,BCV9L4V1"
x2016bcd,Rosette,Darby,"762TempleSt.LaPlaine,QCJ7M5E7"
x2015bce,Lanita,Mcmillan,"Listowel,ONN4W4G92GlendaleSt."
x2016bcf,Eolanda,Oneal,"CampobelloIsland,NBE5E7V99933GreenviewSt."
x2014bcg,Tabbitha,Mendez,"DeerIsland,NBE5V7G371LivingstonSt."
x2015bch,Georgine,Randall,"Perth,ONK7H3A5636ChestnutSt."
x2017bci,Paulette,Healy,"692ThirdDr.Selkirk,MBR1A9S4"
x2017bcj,Debbi,Sapp,"Appalaches,QCG0R4C78435RockawayCircle"
x2016bck,Jessie,Elliot,"YoungsCove,NBE4C9R753EdgewoodSt."
x2015bcl,Edythe,John,"SturgeonFalls,ONP2B5T472GardenDr."
x2019bcm,Dynah,Butcher,"Vermilion,ABT9X7N37568ThompsonStreet"
x2014bcn,Heda,Rudd,"Appalaches,QCG0R4C78435RockawayCircle"
x2020bco,Kellsie,Jernigan,"ChristmasIsland,NSB1T9G077CoffeeDr."
x2016bcp,Roshelle,Hardin,"Woodstock,NBE7M9X97380MeadowAve."
x2015bcq,Giuditta,Berger,"Sainte-Julie,QCJ3E1G288RyanAve."
x2014bcr,Lisbeth,Sterling,"Perth,ONK7H3A5636ChestnutSt."
x2014bcs,Raquel,Finley,"Innisfil,ONL9S1H8269CarpenterDrive"
x2020bct,Anna-Diana,Norwood,"7569YoungLaneWhiteRock,BCV4B7H9"
x2019bcu,Daloris,Marrero,"95EastArcadiaSt.Lachute,QCJ8H9G4"
x2016bcv,Ainslie,Ham,"Hamilton,ONL8E6H01AirportStreet"
x2020bcw,Sallyanne,Mitchell,"972LibertyStreetCobourg,ONK9A8A7"
x2017bcx,Dinny,Ross,"11WakehurstSt.Tillsonburg,ONN4G7V1"
x2018bcy,Noreen,Ponce,"Comox,BCV9M6C584BrownSt."
x2019bcz,Caryl,Escobar,"Delhi,ONN4B8N59108OakwoodRd."
x2020bda,Ava,Mcdonald,"Coverdale,NBE1J6E2170EastGartnerAve."
x2017bdb,Goldi,Hurt,"Nepean,ONK2G5X2735PendergastStreet"
x2018bdc,Loren,Trejo,"9810FairgroundAvenueGreely,ONK4P4M4"
x2017bdd,Leshia,Toney,"LaSarre,QCJ9Z5N33GlenholmeCourt"
x2020bde,Veradis,Drew,"Hawkesbury,ONK6A6V9588PurpleFinchRoad"
x2018bdf,Lois,Orozco,"Gasp'e9sie-Sud,QCG0C8B8718LeatherwoodSt."
x2014bdg,Dorolice,Ogden,"Courtice,ONL1E5G58973WestMilesAve."
x2017bdh,Josselyn,Byers,"947SouthamptonCourtIngersoll,ONN5C2E9"
x2018bdi,Vivien,Shafer,"Antigonish,NSB2G8T97RockvilleSt."
x2019bdj,Bella,Hurt,"Stouffville,ONL4A9V38903WestMeadowCourt"
x2019bdk,Gwyneth,Randall,"Taber,ABT1G6G283SouthIroquoisSt."
x2016bdl,Flora,Belcher,"Thompson,MBR8N3R46PurpleFinchDr."
x2015bdm,Cheri,Neal,"Antigonish,NSB2G8T97RockvilleSt."
x2015bdn,Riannon,Vela,"725CarriageCircleDoaktown,NBE9C8T4"
x2014bdo,Sibbie,Paige,"9CatherineSt.Wolfville,NSB4P2J7"
x2014bdp,Lusa,Otto,"7149WilliamSt.Quispamsis,NBE2G6Y5"
x2017bdq,Koralle,Trent,"972LibertyStreetCobourg,ONK9A8A7"
x2018bdr,Nollie,Parrish,"TourdelaBourse,QCH4Z6J4794W.MonroeStreet"
x2016bds,Cassandre,Maldonado,"856FranklinSt.Metchosin,BCV9C9G8"
x2018bdt,Lacey,Mohr,"LaBaie,QCG7B7N28861DepotSt."
x2017bdu,Fey,Byers,"Cranbrook,BCV1C6H68691FultonStreet"
x2019bdv,Petronille,Whalen,"22UnionSt.Louisbourg,NSB1C5K5"
x2015bdw,Tana,Jernigan,"95EastArcadiaSt.Lachute,QCJ8H9G4"
x2014bdx,Bonnee,Hemphill,"Comox,BCV9M6C584BrownSt."
x2017bdy,Hailee,Butcher,"ChristmasIsland,NSB1T9G077CoffeeDr."
x2017bdz,Cinnamon,Rocha,"692ThirdDr.Selkirk,MBR1A9S4"
x2019bea,Cordey,Fry,"Coverdale,NBE1J6E2170EastGartnerAve."
x2019beb,Darsie,Robison,"Innisfil,ONL9S1H8269CarpenterDrive"
x2020bec,Antonie,Walls,"Carbonear,LBA1Y5H172ParkerDr."
x2018bed,Ruthi,Valenzuela,"91OverlookAve.Saint-Antoine,NBE4V9J8"
x2015bee,Kevina,Jaramillo,"7149WilliamSt.Quispamsis,NBE2G6Y5"
x2017bef,Camila,Mckinney,"95EastArcadiaSt.Lachute,QCJ8H9G4"
x2018beg,Edwina,Park,"762TempleSt.LaPlaine,QCJ7M5E7"
x2015beh,Cody,Walls,"Ponoka,ABT4J2V064HomesteadAve."
x2016bei,Veda,Rankin,"7149WilliamSt.Quispamsis,NBE2G6Y5"
x2020bej,Catharine,Dodd,"856FranklinSt.Metchosin,BCV9C9G8"
x2015bek,Sonni,Bruner,"Nepean,ONK2G5X2735PendergastStreet"
x2016bel,Winni,Butcher,"HantsCounty,NSB0N8H5764SnakeHillDrive"
x2015bem,Alisha,Gutierrez,"8953NorthSpruceSt.Masson-Angers,QCJ8M6L5"
x2017ben,Aaren,Lott,"Saint-Quentin,NBE8A0A261AndoverAve."
x2016beo,Deanna,Henley,"7526AddisonStreetGagetown,NBE5M9S2"
x2017bep,Gretna,Leary,"Cap-Rouge,QCG1Y8A4169EastValleyViewSt."
x2016beq,Viviene,Richard,"NewGlasgow,NSB2H6R17005S.BrandywineDrive"
x2020ber,Silvie,Goldsmith,"TourdelaBourse,QCH4Z6J4794W.MonroeStreet"
x2016bes,Lenette,Edwards,"Maple,ONL6A0N79569CemeteryAve."
x2020bet,Aimee,Mccauley,"LaSarre,QCJ9Z5N33GlenholmeCourt"
x2019beu,Ginnie,Saenz,"Saint-Quentin,NBE8A0A261AndoverAve."
x2018bev,Esther,Fuentes,"Cranbrook,BCV1C6H68691FultonStreet"
x2015bew,Maiga,Doran,"530WestTalbotDriveKentville,NSB4N5E6"
x2015bex,Libby,William,"Hampton,NBE5N4X645SheffieldAve."
x2016bey,Neda,Sullivan,"Gananoque,ONK7G8R58044LoganStreet"
x2015bez,Tracey,Fair,"Stouffville,ONL4A9V38903WestMeadowCourt"
x2014bfa,Shalna,Hodge,"CampobelloIsland,NBE5E7V99933GreenviewSt."
x2017bfb,Rhoda,Dye,"Comox,BCV9M6C584BrownSt."
x2016bfc,Evangeline,Yu,"Laterri'e8re,QCG7N4R11GrandStreet"
x2019bfd,Pegeen,Fry,"Boiestown,NBE6A4C48592S.RidgeviewStreet"
x2014bfe,Dotty,Trejo,"Sainte-Julie,QCJ3E1G288RyanAve."
x2018bff,Elfie,Keller,"Saint-Quentin,NBE8A0A261AndoverAve."
x2020bfg,Maiga,Rodriguez,"Albanel,QCG8M5B69HawthorneSt."
x2014bfh,Carry,Moody,"Bromont,QCJ2L7R5874WestBohemiaRd."
x2015bfi,Irene,Lucas,"Gananoque,ONK7G8R58044LoganStreet"
x2018bfj,Juditha,Martinez,"WestElmwoodSt.Val-d'Or,QCJ9P7P7"
x2016bfk,George,Gee,"Athabasca,ABT9S6Y4886WakehurstSt."
x2015bfl,Corri,Elliot,"91OverlookAve.Saint-Antoine,NBE4V9J8"
x2014bfm,Sandye,Dill,"Stouffville,ONL4A9V38903WestMeadowCourt"
x2020bfn,Janis,Leal,"Thompson,MBR8N3R46PurpleFinchDr."
x2015bfo,Brear,Shaver,"64MeadowbrookCourtMont'e9r'e9gie-Est,QCJ0J4P7"
x2014bfp,Loreen,Doran,"425E.KetchHarbourDr.FortFrances,ONP9A3V9"
x2020bfq,Monah,Park,"91OverlookAve.Saint-Antoine,NBE4V9J8"
x2016bfr,Darcie,Dye,"Listowel,ONN4W4G92GlendaleSt."
x2017bfs,Wren,Leal,"DorvalOutskirts,QCH9P9S57564LongbranchRd."
x2018bft,Caro,Knutson,"Ladysmith,BCV9G5M666LowerRiverDrive"
x2019bfu,Nessa,Maldonado,"Laterri'e8re,QCG7N4R11GrandStreet"
x2018bfv,Caitlin,Randall,"95EastArcadiaSt.Lachute,QCJ8H9G4"
x2014bfw,Nelli,Butcher,522AddisonCourtUnit77
x2015bfx,Marris,Hurt,"Trail,BCV1R9T949N.ChurchDr."
x2020bfy,Stefanie,Couch,"Rivi'e8re-du-Loup,QCG5R4V167AirportAve."
x2020bfz,Edeline,Walls,"Hawkesbury,ONK6A6V9588PurpleFinchRoad"
x2019bga,Malia,Rojas,"Coverdale,NBE1J6E2170EastGartnerAve."
x2017bgb,Lavinia,Rojas,"Penticton,BCV2A1C437HarveyRd."
x2016bgc,Hana,Woodruff,"1SummerhouseSt.Ste.Anne,MBR5H7K4"
x2019bgd,Milly,Leal,"KananaskisCountry,ABT0L5L530OakMeadowAve."
x2016bge,Dorotea,Butcher,"530WestTalbotDriveKentville,NSB4N5E6"
x2014bgf,Vivyan,Leary,"1SummerhouseSt.Ste.Anne,MBR5H7K4"
x2017bgg,Dix,Trent,"8953NorthSpruceSt.Masson-Angers,QCJ8M6L5"
x2019bgh,Tasia,Leonard,"947SouthamptonCourtIngersoll,ONN5C2E9"
x2020bgi,Sheelagh,Holmes,"7149WilliamSt.Quispamsis,NBE2G6Y5"
x2015bgj,Heda,Kramer,"725CarriageCircleDoaktown,NBE9C8T4"
x2014bgk,Fayre,Shaver,"Antigonish,NSB2G8T97RockvilleSt."
x2020bgl,Dulcia,Hansen,"Antigonish,NSB2G8T97RockvilleSt."
x2016bgm,Brenda,Kuhn,"8829SE.SummerhouseDr.Laval-des-Rapides,QCH7N0J3"
x2020bgn,Rhona,Battle,"Maple,ONL6A0N79569CemeteryAve."
x2019bgo,Annecorinne,Eddy,"42PrimroseSt.Chelsea,QCJ9B6T4"
x2018bgp,Magdaia,Vick,"42PrimroseSt.Chelsea,QCJ9B6T4"
x2018bgq,Ailey,Perkins,"9CatherineSt.Wolfville,NSB4P2J7"
x2016bgr,Devina,Mitchell,"HantsCounty,NSB0N8H5764SnakeHillDrive"
x2014bgs,Amargo,Craft,"HantsCounty,NSB0N8H5764SnakeHillDrive"
x2014bgt,Natalya,Hurt,"856FranklinSt.Metchosin,BCV9C9G8"
x2020bgu,Jori,Lam,"62RidgeStreetBoucherville,QCJ4B5S2"
x2018bgv,Tiphani,Mccauley,"Kincardine,ONN2Z1S68037E.RaceAve."
x2014bgw,Ailene,Orozco,"R'e9giond'Oka,QCJ0N2J4313CreekDr."
x2018bgx,Masha,Cates,"JuandeFucaShore,BCV0S8H97707UniversityCourt"
x2015bgy,Roxanna,Numbers,"Saint-Prime,QCG8J3T59407LongfellowSt."
x2016bgz,Celestine,Robison,"NewGlasgow,NSB2H6R17005S.BrandywineDrive"
x2015bha,Merline,Buckley,"9810FairgroundAvenueGreely,ONK4P4M4"
x2020bhb,Delphinia,Wyatt,"Centreville,NBE7K8H4564W.PhilmontSt."
x2016bhc,Rasia,Rocha,"Hampton,NBE5N4X645SheffieldAve."
x2016bhd,Amye,Isaac,"Sainte-Julie,QCJ3E1G288RyanAve."
x2014bhe,Melinde,Kramer,"8953NorthSpruceSt.Masson-Angers,QCJ8M6L5"
x2015bhf,Winifred,Briggs,"ChristmasIsland,NSB1T9G077CoffeeDr."
x2019bhg,Ellie,Mccoy,522AddisonCourtUnit77
x2020bhh,Maridel,Vela,"51ArcadiaSt.Debec,NBE7N7L2"
x2020bhi,Henryetta,Dickens,"95EastArcadiaSt.Lachute,QCJ8H9G4"
x2020bhj,Aretha,Romo,"Centreville,NBE7K8H4564W.PhilmontSt."
x2015bhk,Coreen,Sheets,"7526AddisonStreetGagetown,NBE5M9S2"
x2014bhl,Antonia,Neal,"HantsCounty,NSB0N8H5764SnakeHillDrive"
x2019bhm,Davina,Espinosa,"7569YoungLaneWhiteRock,BCV4B7H9"
x2019bhn,Vinnie,Gutierrez,"11WakehurstSt.Tillsonburg,ONN4G7V1"
x2015bho,Cornela,Langley,"8953NorthSpruceSt.Masson-Angers,QCJ8M6L5"
x2020bhp,Cicely,Ross,"Gananoque,ONK7G8R58044LoganStreet"
x2019bhq,Niki,Elliot,"Carbonear,LBA1Y5H172ParkerDr."
x2020bhr,Gerrie,Keller,"Caraquet,NBE1W5K43KirklandRd."
x2015bhs,Dara,Ross,"Thompson,MBR8N3R46PurpleFinchDr."
x2015bht,Darbie,Parsons,"WestElmwoodSt.Val-d'Or,QCJ9P7P7"
x2015bhu,Kori,Staples,"Maple,ONL6A0N79569CemeteryAve."
x2020bhv,Karen,Bean,"HantsCounty,NSB0N8H5764SnakeHillDrive"
x2014bhw,Buffy,Leal,"SturgeonFalls,ONP2B5T472GardenDr."
x2018bhx,Dorella,Sullivan,"TourdelaBourse,QCH4Z6J4794W.MonroeStreet"
x2020bhy,Chloris,Jacobs,"Lepreau,NBE5J0E3486UnionStreet"
x2017bhz,Sheri,Eddy,"Sainte-Julie,QCJ3E1G288RyanAve."
x2018bia,Leola,Stapleton,"R'e9giond'Oka,QCJ0N2J4313CreekDr."
x2017bib,Theodora,Rose,"725CarriageCircleDoaktown,NBE9C8T4"
x2017bic,Mirabella,Leal,"856FranklinSt.Metchosin,BCV9C9G8"
x2020bid,Dorita,Powers,"42PrimroseSt.Chelsea,QCJ9B6T4"
x2016bie,Violet,Hardin,"Athabasca,ABT9S6Y4886WakehurstSt."
x2018bif,Effie,Lott,"ChristmasIsland,NSB1T9G077CoffeeDr."
x2018big,Gertruda,Sterling,"Kincardine,ONN2Z1S68037E.RaceAve."
x2018bih,Eleanor,Byers,"Albanel,QCG8M5B69HawthorneSt."
x2017bii,Elsey,Webb,"762TempleSt.LaPlaine,QCJ7M5E7"
x2016bij,Lexi,Parker,"Kingston,ONK7K2M8370GoldenStarAve."
x2016bik,Chrissie,Staples,"7569YoungLaneWhiteRock,BCV4B7H9"
x2014bil,Kalila,Herrera,"LaSarre,QCJ9Z5N33GlenholmeCourt"
x2014bim,Stoddard,Bryson,"51ArcadiaSt.Debec,NBE7N7L2"
x2018bin,Malynda,Richard,"747WoodlandAve.St.George,NBE5C9X3"
x2016bio,Florinda,Maldonado,"22UnionSt.Louisbourg,NSB1C5K5"
x2015bip,Danna,Whalen,"95EastArcadiaSt.Lachute,QCJ8H9G4"
x2020biq,Olva,Staples,522AddisonCourtUnit77
x2015bir,Stormy,Yu,"Appalaches,QCG0R4C78435RockawayCircle"
x2016bis,Ardis,Webb,"947SouthamptonCourtIngersoll,ONN5C2E9"
x2020bit,Marylee,Doss,522AddisonCourtUnit77
x2015biu,Freddy,Donaldson,"Manitoulin,ONP0P3C37985AcademyDrive"
x2015biv,Ardra,Finley,"296W.YoungDriveQuesnel,BCV2J8V4"
x2018biw,Sharai,Hull,"947SouthamptonCourtIngersoll,ONN5C2E9"
x2017bix,Leeann,Kramer,"530WestTalbotDriveKentville,NSB4N5E6"
x2017biy,Jillana,Hardin,"Boiestown,NBE6A4C48592S.RidgeviewStreet"
x2018biz,Kylie,Flowers,"91OverlookAve.Saint-Antoine,NBE4V9J8"
x2016bja,Lilyan,Newell,"Gananoque,ONK7G8R58044LoganStreet"
x2019bjb,Moll,Fair,"7231SycamoreSt.HollandLanding,ONL9N9A0"
x2019bjc,Christabel,Gilbert,"856FranklinSt.Metchosin,BCV9C9G8"
x2016bjd,Randie,Flowers,"Perth,ONK7H3A5636ChestnutSt."
x2020bje,Agretha,Edwards,"Caraquet,NBE1W5K43KirklandRd."
x2014bjf,Cacilia,Mccauley,"95EastArcadiaSt.Lachute,QCJ8H9G4"
x2014bjg,Jennee,Trent,"Delhi,ONN4B8N59108OakwoodRd."
x2015bjh,Keriann,Fischer,"972LibertyStreetCobourg,ONK9A8A7"
x2014bji,Kary,Jernigan,"Caraquet,NBE1W5K43KirklandRd."
x2014bjj,Janela,Metcalf,"TourdelaBourse,QCH4Z6J4794W.MonroeStreet"
x2017bjk,Else,Larson,"QueensCounty,NSB0T0L851PiperStreet"
x2019bjl,Debor,Lott,"Thompson,MBR8N3R46PurpleFinchDr."
x2020bjm,Guenevere,Trotter,"22UnionSt.Louisbourg,NSB1C5K5"
x2014bjn,Ludovika,Bryant,"Boiestown,NBE6A4C48592S.RidgeviewStreet"
x2016bjo,Dru,Hansen,"Sainte-Julie,QCJ3E1G288RyanAve."
x2020bjp,Dyan,Hairston,"Saint-Quentin,NBE8A0A261AndoverAve."
x2019bjq,Sharon,Huddleston,"Perth,ONK7H3A5636ChestnutSt."
x2015bjr,Ninnetta,Hansen,"Carbonear,LBA1Y5H172ParkerDr."
x2020bjs,Ania,Jacobs,"Sainte-Julie,QCJ3E1G288RyanAve."
x2014bjt,Crin,Staples,"Kincardine,ONN2Z1S68037E.RaceAve."
x2016bju,Pansy,Fair,"Gasp'e9sie-Sud,QCG0C8B8718LeatherwoodSt."
x2016bjv,Katherina,Bean,"Perth,ONK7H3A5636ChestnutSt."
x2015bjw,Marie,Knutson,"LaBaie,QCG7B7N28861DepotSt."
x2014bjx,Fae,Sullivan,"MeadowLake,SKS9X9V3866SutorStreet"
x2014bjy,Sallie,Langley,"856FranklinSt.Metchosin,BCV9C9G8"
x2019bjz,Ali,Guidry,"8953NorthSpruceSt.Masson-Angers,QCJ8M6L5"
x2014bka,Bobina,Maldonado,"TourdelaBourse,QCH4Z6J4794W.MonroeStreet"
x2020bkb,Marigold,Robison,"51ArcadiaSt.Debec,NBE7N7L2"
x2020bkc,Ninon,Romo,"FortSt.John,BCV1J1Y4838WalnutSt."
x2015bkd,Essa,Jernigan,"7149WilliamSt.Quispamsis,NBE2G6Y5"
x2014bke,Jaquelin,Lam,"22UnionSt.Louisbourg,NSB1C5K5"
x2017bkf,Lisette,Carey,"Rivi'e8re-du-Loup,QCG5R4V167AirportAve."
x2017bkg,Elladine,Healy,"Albanel,QCG8M5B69HawthorneSt."
x2015bkh,Rebecka,Arellano,"HantsCounty,NSB0N8H5764SnakeHillDrive"
x2015bki,Tommie,Craft,"HantsCounty,NSB0N8H5764SnakeHillDrive"
x2018bkj,Joann,Dodd,"Taber,ABT1G6G283SouthIroquoisSt."
x2017bkk,Gloriana,Whalen,"7526AddisonStreetGagetown,NBE5M9S2"
x2020bkl,Shanie,Knutson,"LaBaie,QCG7B7N28861DepotSt."
x2020bkm,Kath,Reed,"Torbay,LBA1K2E09812E.3rdAve."
x2016bkn,Opalina,Kuhn,"530WestTalbotDriveKentville,NSB4N5E6"
x2014bko,Jayne,Huddleston,"296W.YoungDriveQuesnel,BCV2J8V4"
x2017bkp,Cheslie,Hull,"Carbonear,LBA1Y5H172ParkerDr."
x2020bkq,Taryn,Gregg,"H'e9bertville,QCG8N3V0646SherwoodAve."
x2017bkr,Pennie,Doran,"7569YoungLaneWhiteRock,BCV4B7H9"
x2019bks,Malinde,Briggs,"Lepreau,NBE5J0E3486UnionStreet"
x2020bkt,Audra,Romo,"856FranklinSt.Metchosin,BCV9C9G8"
x2014bku,Billy,Goldsmith,"Joliette,QCJ6E6E87905SpringAve."
x2015bkv,Jada,Henley,"Joliette,QCJ6E6E87905SpringAve."
x2016bkw,Ginny,Jernigan,"DufferinCounty,ONL0N0L985CrescentLane"
x2014bkx,Bethanne,Yu,"7526AddisonStreetGagetown,NBE5M9S2"
x2017bky,Carleen,Wyatt,"Comox,BCV9M6C584BrownSt."
x2016bkz,Elna,England,"DufferinCounty,ONL0N0L985CrescentLane"
x2017bla,Cynde,Crowder,"Elgin,ONN0L7P922DunbarSt."
x2018blb,Annabella,Mitchell,"Albanel,QCG8M5B69HawthorneSt."
x2016blc,Mareah,Heller,"Thompson,MBR8N3R46PurpleFinchDr."
x2016bld,Shawna,Shaver,"ChristmasIsland,NSB1T9G077CoffeeDr."
x2014ble,Meggy,Shaver,"Elgin,ONN0L7P922DunbarSt."
x2018blf,Debora,Trent,"9CatherineSt.Wolfville,NSB4P2J7"
x2016blg,Maryellen,Woodruff,"KananaskisCountry,ABT0L5L530OakMeadowAve."
x2014blh,Kelcy,Dennis,"Kingston,ONK7K2M8370GoldenStarAve."
x2017bli,Yelena,Leal,"Ladysmith,BCV9G5M666LowerRiverDrive"
x2017blj,Janessa,Kraft,"Comox,BCV9M6C584BrownSt."
x2018blk,Page,Wolfe,"42PrimroseSt.Chelsea,QCJ9B6T4"
x2019bll,Breena,Leary,"Antigonish,NSB2G8T97RockvilleSt."
x2016blm,Larina,Yu,"Innisfil,ONL9S1H8269CarpenterDrive"
x2014bln,Hestia,Pope,"7231SycamoreSt.HollandLanding,ONL9N9A0"
x2016blo,Dacey,Dickey,"DufferinCounty,ONL0N0L985CrescentLane"
x2018blp,Fernande,Romo,"692ThirdDr.Selkirk,MBR1A9S4"
x2018blq,Frayda,Drew,"972LibertyStreetCobourg,ONK9A8A7"
x2020blr,Freida,Newell,"Gananoque,ONK7G8R58044LoganStreet"
x2018bls,Cyndy,Montano,"Appalaches,QCG0R4C78435RockawayCircle"
x2015blt,Florence,Eddy,"7231SycamoreSt.HollandLanding,ONL9N9A0"
x2019blu,Brier,Hemphill,"Comox,BCV9M6C584BrownSt."
x2017blv,Jerrilee,Dickens,"530WestTalbotDriveKentville,NSB4N5E6"
x2017blw,Aimee,Briggs,"Sainte-Julie,QCJ3E1G288RyanAve."
x2016blx,Goldia,Craft,"Ponoka,ABT4J2V064HomesteadAve."
x2019bly,Joscelin,Goldsmith,"Laterri'e8re,QCG7N4R11GrandStreet"
x2018blz,Ebony,Buck,"Stouffville,ONL4A9V38903WestMeadowCourt"
x2017bma,Cherye,Hurt,"762TempleSt.LaPlaine,QCJ7M5E7"
x2018bmb,Alica,Sterling,"Penticton,BCV2A1C437HarveyRd."
x2015bmc,Natala,Goldsmith,"91OverlookAve.Saint-Antoine,NBE4V9J8"
x2018bmd,Chantalle,England,"QueensCounty,NSB0T0L851PiperStreet"
x2016bme,Minta,Holmes,"DeerIsland,NBE5V7G371LivingstonSt."
x2020bmf,Magdalen,Ham,"Joliette,QCJ6E6E87905SpringAve."
x2016bmg,Wilmette,Sapp,"95EastArcadiaSt.Lachute,QCJ8H9G4"
x2017bmh,Arleen,Shafer,"Rivi'e8re-du-Loup,QCG5R4V167AirportAve."
x2015bmi,Magdalen,Blanton,"Gananoque,ONK7G8R58044LoganStreet"
x2015bmj,Nonah,Shoemaker,"Thompson,MBR8N3R46PurpleFinchDr."
x2020bmk,Lanita,Berger,"Appalaches,QCG0R4C78435RockawayCircle"
x2019bml,Kirstin,Leary,"Gasp'e9sie-Sud,QCG0C8B8718LeatherwoodSt."
