7333442,507099409,"$45,646.55 ",12/14/2019,Lamiaceae,S,clockworks,scrounging
7770590,549023317,"$52,470.86 ",2/10/2020,Asteraceae,L,calculator,footprints
5261059,305227533,"$84,852.56 ",5/16/2019,Thelotremataceae,F,roughening,applicants
3831181,411048649,"$15,445.57 ",3/23/2019,Liliaceae,S,historians,aperture's
9982087,413691385,"$68,108.17 ",2/29/2020,Cactaceae,S,increase's,backlash's
8487569,972910958,"$75,329.28 ",2/20/2020,Combretaceae,L,convulsing,endowments
5930622,850464539,"$5,925.73 ",6/27/2019,Ericaceae,B,colonizing,positioned
568755,108643601,"$19,744.88 ",4/29/2019,Fabaceae,S,overheated,hereabouts
9442136,94572671,"$74,836.80 ",9/2/2019,Dryopteridaceae,S,embittered,satirist's
1390474,267603736,"$41,125.51 ",6/2/2019,Brachytheciaceae,S,transplant,unreadable
5142421,819702995,"$4,803.48 ",9/30/2019,Fabaceae,B,salesman's,intercom's
8116342,461735863,"$70,088.36 ",5/7/2019,Rubiaceae,L,recuperate,signpost's
1124499,972059380,"$20,021.31 ",5/7/2019,Saxifragaceae,L,pyramiding,gymnasiums
196598,811707714,"$61,254.23 ",4/23/2019,Brassicaceae,F,aggravates,domiciling
6995749,706353576,"$40,463.69 ",1/31/2020,Rubiaceae,S,response's,tourniquet
346421,912091213,"$75,621.64 ",2/17/2020,Cyperaceae,B,chaperones,pullover's
5987074,983272749,"$84,365.65 ",11/9/2019,Poaceae,B,sculptures,empowering
633729,915557126,"$8,298.13 ",3/4/2019,Chenopodiaceae,B,distorting,masculines
5341656,788762436,"$21,606.17 ",5/6/2019,Smilacaceae,B,moonbeam's,trespasser
1215595,261867998,"$88,194.97 ",4/24/2019,Dicranaceae,S,overcrowds,flapjack's
7162051,749433463,"$27,677.20 ",7/2/2019,Poaceae,L,recorder's,propelling
167781,970683284,"$36,911.26 ",3/26/2019,Asteraceae,S,specimen's,porpoising
2676247,934915832,"$77,744.00 ",4/8/2019,Asteraceae,S,autographs,whirlwinds
3883593,57006856,"$59,780.92 ",10/9/2019,Poaceae,S,caricature,obtainable
4736015,239278147,"$12,489.37 ",12/8/2019,Gunneraceae,B,tactlessly,saintliest
2774791,361089405,"$93,381.00 ",2/3/2020,Ericaceae,B,protractor,foundation
1726746,885733798,"$37,011.87 ",7/10/2019,Verbenaceae,B,intriguing,affordable
7901807,771346609,"$53,630.14 ",4/2/2019,Dennstaedtiaceae,S,mortuaries,inferences
1107973,613496888,$449.97 ,4/4/2019,Sarraceniaceae,L,formalized,earthworms
3589194,924608412,"$95,589.71 ",8/28/2019,Verbenaceae,S,instance's,mechanized
5512282,859859108,"$72,123.58 ",9/10/2019,Asteraceae,S,headlining,machinists
1841828,875006466,"$21,428.96 ",12/27/2019,Rutaceae,L,microfiche,typewriter
9254566,128165132,"$30,810.57 ",1/9/2020,Hydrangeaceae,S,humorist's,discredits
2022737,552920602,"$56,642.06 ",5/7/2019,Poaceae,F,psychiatry,banister's
1573057,382928311,"$98,485.59 ",10/3/2019,Chenopodiaceae,S,possession,radiance's
8622133,450396104,"$2,199.32 ",11/3/2019,Acanthaceae,S,daydreamed,catechisms
4160737,683191568,"$90,024.81 ",1/8/2020,Lamiaceae,L,dictionary,portrayals
2488677,588311314,"$29,276.91 ",8/21/2019,Arthopyreniaceae,B,protestant,indelicate
3978135,110374449,"$48,377.03 ",6/7/2019,Hydrangeaceae,B,injustices,inferences
6781319,736928152,"$84,142.10 ",1/25/2020,Malvaceae,L,components,persecutes
1769342,70540997,"$58,511.99 ",11/15/2019,Cyperaceae,F,invincible,ancestor's
5840938,671777322,"$83,641.85 ",10/27/2019,Brassicaceae,F,possessors,sharpeners
1390604,699374557,"$86,916.75 ",2/29/2020,Lamiaceae,S,prospering,executor's
2740930,367266835,"$49,376.70 ",6/18/2019,Cyperaceae,S,vernacular,foreground
8478540,760562216,"$42,306.42 ",6/25/2019,Fabaceae,B,reputation,cataloging
6267431,150392912,"$16,789.79 ",2/15/2020,Scrophulariaceae,S,ingredient,gardener's
2005820,601727307,"$97,785.52 ",4/30/2019,Lamiaceae,S,literature,amusements
9080279,649591395,"$61,492.64 ",11/10/2019,Crassulaceae,S,entreaty's,omelette's
2642683,234766785,"$95,576.83 ",10/13/2019,Asteraceae,B,princess's,distorting
698914,118660533,"$26,783.75 ",5/23/2019,Caryophyllaceae,L,exhaustion,pawnbroker
7564954,791784708,"$92,573.71 ",1/11/2020,Cupressaceae,S,compassion,overpasses
359661,339290293,"$14,859.15 ",8/11/2019,Pottiaceae,S,foreword's,lemonade's
6477294,86491079,"$80,251.56 ",6/17/2019,Fabaceae,L,wrangler's,windmill's
7210698,554746254,"$45,146.84 ",9/18/2019,Fissidentaceae,F,kerosine's,inhumanity
3588434,266782530,"$77,276.77 ",8/27/2019,Lecideaceae,S,landslides,allegories
998444,904437292,"$79,982.81 ",7/15/2019,Asteraceae,S,conspiring,mercantile
93206,596070860,"$73,258.48 ",2/1/2020,Asteraceae,B,devolution,irrigation
7520314,207988444,"$40,234.76 ",11/24/2019,Portulacaceae,B,vestment's,worthwhile
1589588,459964152,"$57,637.44 ",3/27/2019,Stereocaulaceae,S,dismissing,intrenches
9005500,640645344,"$99,391.95 ",11/17/2019,Iridaceae,S,database's,collection
7343289,279192202,"$87,936.74 ",1/22/2020,Fabaceae,B,aptitude's,responsive
3006709,609958141,"$14,066.25 ",5/18/2019,Agavaceae,L,daffodil's,cataloging
5601351,915886023,"$10,383.73 ",2/4/2020,Haloragaceae,B,mothball's,implicates
9957006,383501052,"$58,476.39 ",4/18/2019,Hydrophyllaceae,B,intensives,astringent
4385136,916749716,"$16,767.91 ",2/10/2020,Pottiaceae,L,unsoundest,cautioning
9697173,454010421,"$91,765.41 ",10/25/2019,Brassicaceae,S,stealthier,dictionary
3890401,854439958,"$36,369.08 ",12/21/2019,Polygonaceae,S,triggering,confessing
2181970,533839300,"$87,776.40 ",9/4/2019,Bacidiaceae,S,sprinkle's,overlapped
9855344,706643876,"$19,393.20 ",9/5/2019,Loasaceae,S,activist's,instigates
3090492,878767379,"$42,826.94 ",6/12/2019,Ranunculaceae,L,tarnishing,ballooning
4683984,768705346,"$45,731.61 ",12/2/2019,Leskeaceae,S,glamorizes,extradited
8405478,411490692,"$44,148.40 ",12/15/2019,Collemataceae,S,oppressive,rainfall's
4843168,948381174,"$94,997.00 ",8/16/2019,Thelypteridaceae,S,speechless,garrison's
6294604,179932413,"$44,478.53 ",5/10/2019,Ranunculaceae,F,disarrayed,pillowcase
1342451,355833289,"$25,893.42 ",8/12/2019,Juncaceae,B,flagstones,refutation
5713264,643131367,"$15,693.57 ",5/2/2019,Parmeliaceae,S,gangster's,mechanical
758326,921395719,"$10,806.83 ",4/16/2019,Asteraceae,S,outwitting,stoppage's
9046674,451866232,"$59,897.22 ",8/23/2019,Aquifoliaceae,S,descendent,microfiche
998609,86845310,"$99,233.29 ",1/24/2020,Euphorbiaceae,L,pressuring,stallion's
974068,820005365,"$97,875.39 ",9/4/2019,Apiaceae,F,cartwheels,stallion's
4408987,488844364,"$65,608.59 ",2/6/2020,Asteraceae,S,contouring,tobogganed
7701134,444553311,"$80,991.42 ",5/3/2019,Rutaceae,S,slumbering,pleasantly
8200736,569271957,"$30,998.85 ",12/15/2019,Asteraceae,S,formatting,daydream's
1881963,574651553,"$23,420.81 ",9/26/2019,Scrophulariaceae,L,accurately,perversion
2167639,11667482,"$2,349.57 ",10/12/2019,Caliciaceae,B,unfastened,likenesses
6718793,32328041,"$35,892.72 ",10/18/2019,Lecideaceae,L,contagious,cellophane
1488017,63049403,"$28,335.44 ",2/8/2020,Fabaceae,S,partnering,seductions
6582854,9420018,"$1,556.81 ",3/17/2019,Asteraceae,B,greenhorns,plundering
1647720,435711283,"$73,714.57 ",1/5/2020,Myrtaceae,F,synthetics,footwork's
9953402,4682225,"$59,593.21 ",11/25/2019,Fabaceae,S,prejudices,invaluable
677411,469450228,"$12,411.24 ",4/11/2019,Hydrophyllaceae,S,mismatched,violations
8960470,313736311,"$28,890.77 ",1/16/2020,Fabaceae,S,breakables,habitation
381471,313442615,"$11,498.35 ",11/4/2019,Ranunculaceae,S,pacemakers,overreacts
2591674,560580727,"$65,937.16 ",2/29/2020,Asteraceae,S,germinates,frustrates
6364037,476278227,"$40,862.94 ",11/5/2019,Cornaceae,F,collisions,situations
6419164,277087984,"$67,240.49 ",6/22/2019,Brassicaceae,L,entrance's,crescendos
955488,52467480,"$73,011.02 ",3/2/2019,Fabaceae,L,credential,advantages
8734544,739663459,"$73,519.24 ",2/28/2020,Amaranthaceae,L,aptitude's,nonchalant
957553,504489096,"$42,484.53 ",11/3/2019,Hymeneliaceae,F,postulates,quadrangle
7711846,735016443,"$15,574.63 ",8/14/2019,Onagraceae,L,anything's,semester's
8346228,387289368,"$73,947.23 ",11/30/2019,Violaceae,S,escalating,indictment
1661497,991317995,"$88,986.70 ",3/4/2019,Fagaceae,S,demolished,properties
3615718,726282202,"$20,318.69 ",4/4/2019,Fabaceae,S,boundary's,carelessly
8022321,100326173,"$7,108.76 ",6/15/2019,Myrtaceae,S,grandstand,transacted
4210293,446527194,"$55,506.84 ",1/6/2020,Ranunculaceae,F,outlasting,birthday's
312323,812697135,"$37,164.53 ",3/16/2019,Ericaceae,F,panhandler,annoyingly
7606087,315501371,"$78,643.34 ",6/2/2019,Poaceae,S,futuristic,homogenize
7759211,676791439,"$10,727.04 ",3/14/2019,Meliaceae,B,pharmacies,bystanders
3681514,445841526,"$64,764.82 ",6/27/2019,Euphorbiaceae,B,backfiring,ironically
5466881,26703445,"$85,234.14 ",6/4/2019,Asteraceae,S,chargeable,summarizes
2946867,656350699,"$52,831.68 ",4/13/2019,Polemoniaceae,S,heritage's,distancing
128839,587394961,"$42,292.79 ",11/29/2019,Asteraceae,B,progressed,despatches
667736,567680032,"$17,841.76 ",4/4/2019,Malvaceae,S,intervenes,unsoundest
221189,831298994,"$19,690.78 ",9/24/2019,Orchidaceae,F,roulette's,tourniquet
4755750,513430716,"$15,447.17 ",4/12/2019,Loasaceae,F,asbestos's,cleavage's
1960933,319110654,"$54,929.46 ",3/20/2019,Cladoniaceae,F,audacity's,speculator
115486,152567809,"$99,921.38 ",10/28/2019,Asteraceae,S,massacre's,altruistic
8845512,293461329,"$61,876.63 ",12/26/2019,Saxifragaceae,S,recovering,alternated
7709136,845644888,"$4,952.61 ",3/27/2019,Euphorbiaceae,S,effortless,inaugurals
7698111,496387795,"$75,550.65 ",6/5/2019,Fabaceae,S,ostracizes,postcard's
7970631,757133798,"$74,893.15 ",3/7/2019,Thelotremataceae,B,disdainful,labyrinths
4611557,13528711,"$91,594.03 ",2/29/2020,Asteraceae,S,displeased,pretense's
8100143,879085962,"$49,035.76 ",5/12/2019,Ranunculaceae,F,bridesmaid,lavatory's
805492,641010291,"$32,994.82 ",8/6/2019,Asteraceae,S,satellited,confetti's
2969563,727197409,"$77,089.89 ",9/18/2019,Asteraceae,L,concluding,sculptures
8325341,172702265,"$70,891.30 ",10/11/2019,Cactaceae,B,blubbering,understudy
1526865,272620395,"$65,681.49 ",8/1/2019,Erythroxylaceae,S,meantime's,cartilages
4241194,461019822,"$91,429.03 ",4/24/2019,Lauraceae,F,thousand's,socialists
9601665,506967828,"$88,950.18 ",4/25/2019,Fabaceae,L,snowballed,brassieres
1091233,998651786,"$76,930.51 ",10/7/2019,Pterobryaceae,S,contorting,swallowing
5799393,952675586,"$2,450.18 ",10/5/2019,Poaceae,B,cardigan's,diligently
2309681,78667697,"$29,910.30 ",12/24/2019,Cyperaceae,B,victorious,frolicking
9652115,714697871,"$77,846.33 ",5/24/2019,Selaginellaceae,S,incredibly,complained
9213245,772268465,"$33,646.67 ",4/11/2019,Leskeaceae,B,repellants,localizing
3697620,928812374,"$19,307.32 ",8/20/2019,Rosaceae,S,foreseeing,forefather
308009,404704013,"$93,685.29 ",1/28/2020,Violaceae,B,alcoholics,victorious
3642202,887631582,"$87,293.58 ",5/19/2019,Goodeniaceae,L,pretension,enterprise
3142958,753259,"$12,778.88 ",7/17/2019,Poaceae,L,illiteracy,overlook's
619126,9124077,"$74,639.24 ",11/11/2019,Lamiaceae,F,monologues,mortuaries
2056482,636935212,"$91,586.84 ",8/26/2019,Hydrophyllaceae,B,remainders,publishers
6971708,791645405,"$42,555.99 ",11/16/2019,Fabaceae,S,instigates,outsider's
9902330,886814873,"$76,192.20 ",9/25/2019,Poaceae,S,junction's,boldness's
6995098,931030662,"$8,349.42 ",8/20/2019,Verrucariaceae,B,astonishes,obstructed
2045917,928717738,"$66,148.49 ",5/3/2019,Gracilariaceae,B,desecrated,wrestler's
8342049,883508266,"$30,255.59 ",10/1/2019,Thymelaeaceae,B,dumbfounds,assessor's
8938517,720373255,"$67,090.56 ",6/20/2019,Boraginaceae,B,reservoirs,visitation
4268705,57154912,"$1,754.93 ",10/13/2019,Musaceae,B,dishonored,consomm√©'s
256239,553290062,"$5,155.22 ",6/12/2019,Violaceae,S,conclusive,tragically
7523973,709283705,"$43,038.51 ",7/31/2019,Asteraceae,B,encircling,occasional
2853591,395068615,"$25,571.31 ",6/9/2019,Physciaceae,L,treasurers,creditable
2659855,246024659,"$51,086.31 ",4/29/2019,Malvaceae,S,marionette,metropolis
1853928,425684534,"$59,611.22 ",1/28/2020,Asteraceae,F,defrosting,overdosing
3656666,995524666,"$26,151.67 ",2/3/2020,Asteraceae,B,solidifies,invitation
6064575,833012777,"$74,932.32 ",8/28/2019,Cyperaceae,S,hysterical,uncultured
4164630,725311995,"$25,017.89 ",12/19/2019,Grammitidaceae,L,garrisoned,headstones
474987,751346421,"$96,944.07 ",12/1/2019,Onagraceae,S,dynamite's,horrendous
5900191,509438855,"$50,419.85 ",10/27/2019,Poaceae,S,sheepishly,controller
8514725,421882123,"$39,584.82 ",2/21/2020,Caryophyllaceae,B,mismatches,geometry's
8193811,651275399,"$47,894.90 ",7/8/2019,Scrophulariaceae,S,frolicking,hardwood's
4978868,730921889,"$53,610.85 ",5/1/2019,Melastomataceae,S,latitude's,originated
3743789,847854322,"$25,842.42 ",4/12/2019,Isoetaceae,F,crucifying,sacraments
5071444,294882280,"$10,634.80 ",3/31/2019,Andreaeaceae,S,upholstery,tapestries
2009767,525419529,"$79,166.47 ",3/9/2019,Ericaceae,B,commenting,overpass's
8170153,988429914,"$21,534.37 ",8/10/2019,Boraginaceae,B,helplessly,authorizes
4418057,817304859,"$41,337.55 ",7/14/2019,Coniocybaceae,S,repressing,pilgrimage
8319090,374365428,"$40,580.70 ",4/27/2019,Cyatheaceae,L,microfilms,convulsion
648159,572799236,"$56,683.57 ",7/4/2019,Ptychomitriaceae,S,manpower's,practicing
1242482,451191196,"$3,816.12 ",10/18/2019,Poaceae,S,incubators,rightfully
1010986,788289126,"$77,221.77 ",6/27/2019,Oleaceae,S,indisposed,executions
6970833,820745002,"$11,099.49 ",8/31/2019,Liliaceae,S,incubators,ghastliest
5356032,211109775,"$36,611.28 ",7/28/2019,Santalaceae,L,uncanniest,protective
1525380,990324301,"$99,731.37 ",9/26/2019,Orchidaceae,B,immigrated,suspicions
117262,184359983,"$43,135.15 ",12/12/2019,Saxifragaceae,L,contagions,daylight's
32508,890669488,"$55,829.81 ",3/22/2019,Orchidaceae,B,beautifies,brochure's
6994190,59938540,"$45,964.11 ",7/2/2019,Molluginaceae,S,roughhouse,downgrades
3085006,924155653,"$43,336.06 ",1/10/2020,Bacidiaceae,S,calculates,provincial
3287899,504381447,"$1,093.52 ",8/6/2019,Brassicaceae,B,dedication,accomplish
5721925,593297852,"$35,826.29 ",7/11/2019,Commelinaceae,S,mainland's,countrymen
6821496,248791947,"$30,572.29 ",9/27/2019,Cyperaceae,S,repellants,gravestone
6704013,617368929,"$19,210.44 ",7/16/2019,Asteraceae,S,impregnate,imbalances
2019771,771733420,"$50,773.58 ",2/17/2020,Gyalectaceae,B,expatriate,opposite's
9634233,370975221,"$7,471.45 ",12/16/2019,Asteraceae,B,planetaria,intercom's
7865312,706840695,"$25,777.97 ",4/9/2019,Callitrichaceae,S,returnable,publicizes
2299295,623894984,"$26,973.50 ",8/25/2019,Solanaceae,S,sororities,miniatures
7297710,384743565,"$14,848.77 ",9/11/2019,Fabaceae,L,summarized,diagraming
9442339,616251822,"$84,272.97 ",6/30/2019,Hydrangeaceae,S,racketeers,eightieths
9138637,735136004,"$14,914.26 ",2/24/2020,Asteraceae,F,civilizing,supervised
7867513,795113287,"$15,508.86 ",3/5/2019,Plantaginaceae,S,ringworm's,cantaloups
3285836,905294719,"$15,680.33 ",12/18/2019,Rhamnaceae,B,breakables,wholesaled
345667,880258637,"$39,203.08 ",5/28/2019,Cyperaceae,B,landscaped,extremists
2982338,827651642,"$12,136.08 ",4/1/2019,Onagraceae,S,carefuller,admonition
6157797,336476395,"$29,894.59 ",8/20/2019,Gleicheniaceae,B,detectable,whirlpools
1550336,711073846,"$54,412.93 ",10/16/2019,Valerianaceae,L,challenges,disruptive
6699033,258534786,"$11,262.32 ",11/19/2019,Euphorbiaceae,B,improbable,succumbing
7513105,718504287,"$87,196.79 ",2/26/2020,Pteridaceae,S,brassieres,chastity's
5994787,879801055,"$66,990.82 ",3/24/2019,Schizaeaceae,B,depreciate,licorice's
5420713,92210028,"$12,460.33 ",10/5/2019,Scrophulariaceae,L,captioning,cessations
3605621,271886840,$59.50 ,2/3/2020,Verbenaceae,S,evaluation,compactest
3977624,647858717,"$7,442.66 ",12/2/2019,Gesneriaceae,S,gangplanks,lubricants
5324711,672517714,"$3,267.73 ",7/21/2019,Fabaceae,S,refuelling,disgrace's
2681020,593626172,"$60,912.50 ",2/20/2020,Poaceae,S,inaugurate,conforming
3541431,872173915,"$51,964.44 ",7/27/2019,Fabaceae,S,feathering,smoothness
2891027,298472905,"$66,493.48 ",9/11/2019,Fabaceae,S,accordance,surpassing
9524990,931867622,"$9,987.45 ",9/5/2019,Parmeliaceae,S,malignancy,invigorate
4311235,960614666,"$46,562.76 ",8/7/2019,Chloranthaceae,L,defender's,clemency's
7188219,701524742,"$90,541.41 ",11/16/2019,Fabaceae,B,crescent's,marsupials
8244622,525692712,"$82,669.69 ",11/20/2019,Potamogetonaceae,S,disarrayed,grovelling
4834980,105537466,"$67,168.05 ",1/13/2020,Chenopodiaceae,S,cemeteries,intoxicate
67762,646302620,"$73,041.28 ",9/30/2019,Portulacaceae,F,magazine's,complexion
4034231,16458585,"$74,500.05 ",11/17/2019,Polygonaceae,L,abstracted,ordination
5175484,893574669,"$25,097.55 ",4/18/2019,Parmeliaceae,S,circumvent,promontory
6839756,893582254,"$52,782.49 ",2/5/2020,Poaceae,L,headlights,optimistic
4031780,564975184,"$77,573.35 ",11/6/2019,Rosaceae,F,vacation's,relegating
7606178,760846270,"$99,648.07 ",2/25/2020,Asteraceae,S,coronation,distribute
1589865,86043682,$69.77 ,9/5/2019,Campanulaceae,S,deductions,kerosine's
5424368,217086262,"$78,847.41 ",5/4/2019,Opegraphaceae,F,suspension,reassuring
2828289,705256398,"$97,936.69 ",12/16/2019,Brassicaceae,L,handsomest,antidote's
770996,225564810,"$95,890.24 ",8/24/2019,Hydrangeaceae,S,hinterland,spearheads
3518817,784462907,"$16,221.55 ",8/8/2019,Asteraceae,F,meantime's,washroom's
2060415,503872654,"$80,410.14 ",5/4/2019,Pottiaceae,B,blanketing,peninsulas
2120104,787596695,"$96,853.27 ",8/20/2019,Aristolochiaceae,L,appendix's,uncleanest
9385347,640141069,"$94,494.48 ",10/29/2019,Poaceae,L,woodchucks,archbishop
652798,486521968,"$73,409.88 ",6/25/2019,Fabaceae,S,fledgeling,highjack's
5635149,422339212,"$81,467.26 ",11/15/2019,Uncertain Ascomycota Family,S,tricksters,heartaches
1446141,859140941,"$32,236.66 ",3/1/2019,Fabaceae,S,infallible,artifact's
2179322,815086767,"$52,075.99 ",11/15/2019,Fagaceae,S,hodgepodge,luminary's
7973373,237782260,"$5,239.48 ",9/23/2019,Saxifragaceae,S,peremptory,jealousy's
1224243,658754981,"$93,339.63 ",2/17/2020,Araliaceae,S,moccasin's,successors
7249353,29114678,"$72,080.31 ",1/30/2020,Parmeliaceae,S,chorussing,cynicism's
7506380,692555955,"$6,163.09 ",2/25/2020,Caryophyllaceae,F,pickpocket,announcing
5711209,716590915,"$99,890.52 ",10/29/2019,Euphorbiaceae,L,repellents,disapprove
2476499,402399575,"$50,526.94 ",3/15/2019,Euphorbiaceae,S,anatomical,negotiated
2232245,664243573,"$24,265.13 ",3/24/2019,Commelinaceae,S,associated,sunlight's
5238091,879844387,"$34,625.87 ",5/16/2019,Berberidaceae,S,chiselling,caretakers
8692340,306315749,"$5,421.84 ",4/22/2019,Cornaceae,S,islander's,displacing
815347,547799654,"$65,170.48 ",9/13/2019,Poaceae,S,geneticist,diphtheria
3108253,367038624,"$14,108.68 ",11/8/2019,Grossulariaceae,L,villainous,mechanical
6680556,575308577,"$44,943.29 ",2/26/2020,Asteraceae,L,multiplied,hobbyhorse
9624575,395019427,"$98,245.77 ",4/14/2019,Asclepiadaceae,S,frittering,chiselling
9502343,5913919,"$89,752.79 ",5/7/2019,Pteridaceae,S,diaphragms,submarines
5064544,141151779,"$47,285.65 ",9/21/2019,Lecideaceae,B,crisscross,explicable
7039991,78433840,"$45,384.89 ",4/22/2019,Euphorbiaceae,F,marshalled,comparison
7993641,614148651,"$52,854.06 ",10/27/2019,Caryophyllaceae,S,disbursing,epilepsy's
4438708,855413941,"$5,138.53 ",8/14/2019,Convolvulaceae,S,disservice,minority's
2688397,373076696,"$63,279.48 ",12/1/2019,Ditrichaceae,S,irregulars,sweepstake
4481903,651402090,"$91,516.26 ",3/11/2019,Papaveraceae,S,customized,importance
5406454,76454007,"$92,185.05 ",2/27/2020,Cyperaceae,S,connecting,classified
5940490,979863242,"$56,180.42 ",6/1/2019,Cycadaceae,L,clearing's,enveloping
5985518,61613176,"$6,801.75 ",4/26/2019,Aristolochiaceae,B,distortion,touchdowns
9183026,977565663,"$55,814.46 ",4/9/2019,Poaceae,S,reprieve's,scholastic
7249577,69997398,"$73,763.28 ",11/13/2019,Malpighiaceae,S,marketable,undersides
4429816,981278219,"$8,909.27 ",3/29/2019,Cuscutaceae,B,mattresses,vanquished
1897369,605215889,"$7,106.75 ",8/12/2019,Bixaceae,S,millimeter,contingent
4240629,505345795,"$57,887.29 ",2/29/2020,Fabaceae,B,barnacle's,shortening
5405670,43836071,"$65,239.44 ",8/1/2019,Liliaceae,B,scenario's,tabulating
6333556,194455178,"$79,687.87 ",2/8/2020,Rosaceae,S,allocating,auditorium
336055,59969819,"$66,150.24 ",5/24/2019,Asteraceae,F,anticlimax,nationally
3291211,620494503,"$58,437.40 ",10/31/2019,Orchidaceae,S,lascivious,constructs
5491117,571293624,"$54,684.64 ",10/1/2019,Grossulariaceae,F,skateboard,blasphemes
6940506,381626915,"$43,515.56 ",12/14/2019,Pottiaceae,S,perversion,distillers
7819035,726313706,"$92,999.97 ",10/10/2019,Fabaceae,F,redemption,jackknives
4419195,859711543,"$23,293.90 ",6/30/2019,Commelinaceae,S,conclusive,sharpeners
1296763,359097026,"$9,540.07 ",6/15/2019,Araliaceae,S,blackbirds,outgrowing
7361214,74638621,"$40,265.88 ",5/14/2019,Droseraceae,B,proverbial,washable's
6642385,417410716,"$52,273.92 ",3/18/2019,Tiliaceae,B,background,pardonable
2868048,824513100,"$21,460.06 ",4/8/2019,Rubiaceae,S,militating,wavelength
2635570,47330478,"$29,534.79 ",12/6/2019,Pseudoditrichaceae,S,telegraphs,amphibious
7313407,151552198,"$13,828.83 ",3/16/2019,Fumariaceae,S,prophesy's,confidence
8682029,920165143,"$81,053.03 ",8/25/2019,Brassicaceae,B,introduces,themselves
6123238,715875786,"$57,129.41 ",11/16/2019,Salicaceae,S,disconnect,botanist's
9070588,737642233,"$6,737.93 ",10/15/2019,Rosaceae,S,stalemated,continents
6408841,931488851,"$63,344.23 ",6/26/2019,Rosaceae,F,innuendoes,cancelling
3011584,428883292,"$27,057.83 ",1/3/2020,Brassicaceae,S,languorous,arthritics
8085647,549087323,"$85,196.91 ",6/30/2019,Verbenaceae,B,straddle's,correlates
4910403,811555153,"$80,233.18 ",12/6/2019,Brassicaceae,S,stoppering,vandalized
1958548,941102785,"$1,239.71 ",6/5/2019,Hydrangeaceae,S,bewildered,linguistic
2115756,462204854,"$15,732.56 ",5/17/2019,Bryaceae,L,externally,ligature's
8042983,705210552,"$70,893.36 ",2/19/2020,Anacardiaceae,S,amateurish,executor's
6039827,490493019,"$48,215.14 ",2/23/2020,Asteraceae,L,skeleton's,portable's
1709758,215037495,"$27,965.87 ",8/27/2019,Asteraceae,B,composites,hypothesis
7148645,103634575,"$20,127.93 ",7/26/2019,Juncaceae,S,thirteenth,editorials
6420698,182451046,"$56,293.50 ",1/6/2020,Meteoriaceae,S,fatherland,agreements
9979431,162652498,"$11,428.72 ",2/28/2020,Amaranthaceae,S,ventilator,hitchhikes
3561399,5870845,"$2,016.41 ",12/23/2019,Polemoniaceae,B,equestrian,leverage's
9595004,412045672,"$61,358.40 ",10/11/2019,Primulaceae,S,molecule's,tarantulas
6171133,86157696,"$72,605.02 ",3/21/2019,Juncaceae,S,bigamist's,newspapers
5811530,116600364,"$60,014.20 ",3/1/2019,Asteraceae,S,roundabout,epileptics
7637413,934306324,"$97,600.61 ",5/12/2019,Poaceae,S,overtaking,applicator
9445390,789203655,"$67,799.88 ",5/11/2019,Rubiaceae,L,economical,sustaining
618225,477707097,"$76,550.96 ",1/3/2020,Asteraceae,S,incomplete,extremists
7849658,147681920,"$50,427.43 ",2/20/2020,Acarosporaceae,S,publishing,disinfects
6912477,794625660,"$39,977.96 ",1/1/2020,Polemoniaceae,S,perception,diabolical
8868322,91887096,"$42,672.11 ",11/2/2019,Teloschistaceae,B,priority's,colleagues
6403273,967972788,"$11,275.64 ",1/27/2020,Juncaceae,B,buoyancy's,eminence's
8169093,330227812,"$92,733.21 ",3/19/2019,Gracilariaceae,S,elevations,mezzanines
7230432,310258714,"$41,369.81 ",8/21/2019,Lamiaceae,F,sterilizes,calamity's
5771419,158898139,"$15,526.55 ",1/5/2020,Fabaceae,B,visualizes,consistent
2051764,13211419,"$22,399.75 ",4/19/2019,Theaceae,B,finickiest,portfolios
1484605,958731294,"$56,825.32 ",4/23/2019,Asteraceae,S,headphones,discovered
1775255,863926731,"$49,059.91 ",1/13/2020,Asteraceae,S,perfection,bricklayer
1715259,434762459,"$77,681.59 ",8/21/2019,Fissidentaceae,S,frosting's,backpacked
2633346,167762831,"$45,795.45 ",1/24/2020,Lamiaceae,S,dictator's,fungicides
1403089,816623039,"$92,902.11 ",10/10/2019,Brassicaceae,S,satellites,possible's
4712086,446043313,"$74,891.94 ",8/6/2019,Euphorbiaceae,S,decorative,fumigation
4520671,412543322,"$5,633.97 ",9/23/2019,Orchidaceae,S,deletion's,identifier
1051617,703429740,"$91,631.67 ",4/1/2019,Hydrangeaceae,S,inscribing,peppermint
2792011,19129755,"$27,832.40 ",6/21/2019,Poaceae,L,provincial,invaliding
6489719,875771768,$821.87 ,6/22/2019,Scrophulariaceae,F,plantation,profundity
3631269,771756332,"$43,745.86 ",10/23/2019,Mycocaliciaceae,F,caffeine's,innkeepers
5853437,782844243,"$86,061.49 ",4/14/2019,Liliaceae,S,government,connection
8177299,398220447,"$71,675.25 ",1/12/2020,Lycopodiaceae,S,imposition,rationales
1299208,815031181,"$3,160.04 ",3/7/2019,Apiaceae,L,rejuvenate,extracting
3620193,294102015,"$59,932.28 ",10/13/2019,Cactaceae,S,minimalism,inscribing
7212013,513973946,"$85,465.58 ",4/17/2019,Fabaceae,S,clothing's,journalist
7256622,904473590,"$89,858.18 ",5/6/2019,Nyctaginaceae,S,adjustment,humidity's
8108777,242808693,"$98,809.38 ",1/11/2020,Crassulaceae,S,inscribing,championed
7682663,385583226,"$14,010.76 ",9/4/2019,Myrtaceae,B,breakables,squirreled
4335616,234264608,"$92,691.68 ",7/30/2019,Lecanoraceae,F,exhilarate,adhesive's
8975460,350598280,"$28,559.73 ",5/30/2019,Ericaceae,F,submissive,exaggerate
3659972,117836512,"$3,120.15 ",3/22/2019,Verbenaceae,S,filament's,culminated
7147436,318596225,"$67,180.93 ",12/16/2019,Brassicaceae,F,paperbacks,appetite's
7521090,156890279,"$95,181.73 ",5/29/2019,Asteraceae,B,ubiquitous,astronomer
3993663,367787318,"$83,970.65 ",6/2/2019,Poaceae,F,adulteries,forestry's
5921061,840560535,"$94,291.03 ",3/16/2019,Cactaceae,S,unearthing,civility's
5430509,20897688,"$76,187.86 ",5/27/2019,Boraginaceae,S,partitions,allocation
2470260,1049925,"$26,606.11 ",9/9/2019,Apiaceae,B,punishment,presumably
3753541,118310251,"$13,064.10 ",8/3/2019,Poaceae,S,coverage's,broadcasts
4122734,800533583,"$84,179.29 ",6/13/2019,Asteraceae,F,introduced,overweight
46412,461880161,"$27,424.33 ",6/27/2019,Apiaceae,S,festival's,festooning
1754907,369302426,"$44,350.88 ",1/7/2020,Malvaceae,S,bootlegged,dismantles
9708803,750012425,"$84,275.83 ",6/19/2019,Rosaceae,B,convincing,lengthwise
2392391,291511245,"$7,607.15 ",1/13/2020,Ranunculaceae,B,navigation,deadlocked
3355756,837200005,"$1,400.94 ",4/23/2019,Fagaceae,L,fluctuated,adornments
5275501,528945876,"$41,707.95 ",7/22/2019,Brassicaceae,F,wilderness,protective
3575667,515405950,"$70,447.85 ",5/28/2019,Parmeliaceae,S,juxtaposed,downhill's
9301407,233726770,"$15,171.48 ",8/8/2019,Fabaceae,S,inscribing,evidence's
6213372,783374472,"$45,342.34 ",9/9/2019,Boraginaceae,L,mechanical,highland's
813324,677821368,"$56,735.95 ",9/15/2019,Valerianaceae,F,treasure's,unrivalled
1597693,411697866,"$53,387.01 ",7/25/2019,Fabaceae,S,compresses,buttresses
4254487,959529182,"$50,522.67 ",10/16/2019,Rosaceae,S,councillor,discredits
5378710,807480527,"$86,091.80 ",11/16/2019,Arthoniaceae,S,newsletter,colonial's
569448,673475081,"$82,097.17 ",3/1/2019,Poaceae,S,corruption,annulments
7869403,62571529,"$44,296.35 ",4/28/2019,Cactaceae,S,multiplies,assemblies
4486162,925437782,"$49,792.02 ",9/1/2019,Liliaceae,S,material's,midnight's
2232738,230621570,"$39,794.76 ",4/6/2019,Asteraceae,B,waterway's,captivated
6564074,686233672,"$59,001.18 ",9/6/2019,Aspleniaceae,S,criterions,sacraments
3409290,2947293,"$40,619.93 ",3/27/2019,Bryaceae,L,commending,coastlines
5642291,139956640,"$95,171.83 ",11/25/2019,Asteraceae,B,humiliates,remarkable
8425398,967454111,"$63,065.53 ",6/25/2019,Chenopodiaceae,S,cemeteries,coalescing
6903595,474541461,"$64,576.36 ",7/24/2019,Asteraceae,L,multiple's,objectives
7222839,575623635,"$87,133.01 ",3/4/2019,Ephemeraceae,B,victimized,handcuff's
3580002,308860507,"$37,272.01 ",12/23/2019,Ramalinaceae,S,watchman's,civility's
675488,208452385,"$75,084.51 ",2/2/2020,Arecaceae,S,gelatine's,rediscover
4833345,343285108,"$67,622.24 ",2/13/2020,Fabaceae,S,stallion's,vestment's
4784030,966731655,"$26,158.66 ",7/22/2019,Asteraceae,L,ideology's,undergoing
6338614,578424921,"$25,822.63 ",6/10/2019,Polygonaceae,F,whatsoever,syllabus's
6396036,300188962,"$38,471.21 ",5/12/2019,Gomphillaceae,L,conclusion,devastated
2071552,341851993,"$57,267.69 ",10/13/2019,Zygophyllaceae,S,lipsticked,christened
5022147,69242367,"$32,829.36 ",4/27/2019,Polygonaceae,B,position's,odometer's
5366545,449464688,"$72,461.84 ",6/20/2019,Caryophyllaceae,B,cartoonist,politics's
1642388,1855495,"$53,359.45 ",9/6/2019,Fabaceae,L,obsessions,sculptures
199616,649590899,"$37,263.03 ",9/22/2019,Fabaceae,B,trickery's,promenaded
2634123,775814087,"$10,777.59 ",1/21/2020,Polygonaceae,S,bludgeoned,intestinal
7037826,250758945,"$82,766.29 ",3/26/2019,Orchidaceae,S,outputting,chemical's
7708207,904485412,"$73,426.10 ",10/9/2019,Isoetaceae,S,dissuading,sixtieth's
7586570,11058128,"$17,384.27 ",3/12/2019,Rosaceae,S,jackknifes,druggist's
5609204,764369747,"$12,832.37 ",10/19/2019,Liliaceae,S,entrenches,evaporated
2574257,160684869,"$33,427.82 ",2/11/2020,Pteridaceae,L,blackbirds,ringleader
7460741,719684444,"$80,741.59 ",6/16/2019,Fabaceae,S,television,altogether
4797433,362180114,"$80,825.93 ",11/8/2019,Fabaceae,F,miraculous,quadrangle
7412462,505949835,"$5,040.94 ",5/30/2019,Dryopteridaceae,S,aftermaths,mattresses
567567,60354762,"$33,051.04 ",6/21/2019,Acarosporaceae,B,pavilion's,remorseful
2188260,801024359,"$41,800.68 ",10/22/2019,Ericaceae,F,reverenced,yoghourt's
3765561,302138522,"$6,090.35 ",12/5/2019,Boraginaceae,S,racketeers,subtracted
5794064,362770930,"$25,842.22 ",11/22/2019,Cyperaceae,S,consulates,maintained
5604642,228310702,"$78,803.46 ",2/18/2020,Rhamnaceae,S,casseroles,telescoped
7568727,850447500,"$74,848.92 ",7/6/2019,Lamiaceae,B,savageries,superstars
1995734,833183552,"$78,541.57 ",10/10/2019,Asteraceae,S,fatherhood,decadent's
6447771,605205898,"$32,915.72 ",7/5/2019,Chenopodiaceae,B,butchering,dramatized
2064966,203056892,"$77,402.56 ",3/25/2019,Euphorbiaceae,S,childbirth,repressing
4400849,371077924,"$39,432.73 ",3/18/2019,Melastomataceae,S,convulsion,acquitting
1381288,886631457,"$42,610.63 ",9/7/2019,Euphorbiaceae,L,dreadfully,absconding
631443,964502600,"$63,785.72 ",11/17/2019,Mayacaceae,S,ambience's,sixteenths
496205,886351204,"$14,687.82 ",9/20/2019,Campanulaceae,S,crackpot's,vandalized
434169,498235887,"$33,305.11 ",12/24/2019,Poaceae,S,chieftains,kindling's
3101742,603921458,"$17,331.82 ",9/1/2019,Physciaceae,S,relativity,shovelling
3444672,546436807,"$72,475.30 ",5/16/2019,Cyperaceae,B,prophesies,reliance's
7635875,161303555,"$60,611.36 ",8/26/2019,Asteraceae,B,prospected,asphalting
5860268,119777601,"$85,546.08 ",12/1/2019,Asteraceae,S,prophecy's,graffito's
949958,225244028,"$35,299.68 ",8/18/2019,Caryophyllaceae,F,debilities,humanizing
7971217,575255247,"$32,830.21 ",4/29/2019,Rosaceae,S,chagrining,scruffiest
6783750,163373365,"$44,492.40 ",2/11/2020,Liliaceae,B,displacing,meditation
4937783,270298931,"$52,918.97 ",11/28/2019,Fabaceae,S,bookmarked,provenance
6662418,187947346,"$97,790.20 ",2/3/2020,Santalaceae,S,washable's,castaway's
785449,157903133,"$15,308.43 ",6/8/2019,Myrtaceae,B,supposedly,ripeness's
8822113,819743980,"$45,857.50 ",8/20/2019,Lichinaceae,S,magnetized,innocent's
9812038,43368310,"$24,023.67 ",4/8/2019,Boraginaceae,B,plankton's,windpipe's
1955815,310202890,"$3,952.60 ",3/27/2019,Portulacaceae,S,amphibious,headline's
8928409,166893962,"$28,877.60 ",4/19/2019,Myricaceae,S,dilution's,tremendous
6895914,797422109,"$7,574.52 ",9/6/2019,Pottiaceae,B,cinnamon's,velocity's
4705538,654091584,"$18,183.35 ",6/29/2019,Asteraceae,S,bandwagons,fiendishly
4158165,160091830,"$75,106.20 ",4/4/2019,Fabaceae,S,casualty's,destroying
8647896,598971445,"$34,008.73 ",3/16/2019,Asteraceae,S,disbanding,newscaster
2578719,825697601,"$49,253.12 ",4/15/2019,Apiaceae,S,supplanted,broadening
7182616,300673960,"$4,055.43 ",9/22/2019,Asteraceae,S,renditions,desolating
4302576,30552863,"$92,375.22 ",4/2/2019,Polemoniaceae,S,register's,rigidity's
2819407,618564836,"$62,490.38 ",10/13/2019,Asteraceae,L,syndicates,blindfolds
8492091,528689165,"$64,300.13 ",2/15/2020,Polemoniaceae,F,disgrace's,hinterland
2574379,123793942,"$49,113.38 ",6/4/2019,Polygonaceae,S,structured,registries
3894955,65264823,"$42,242.37 ",3/8/2019,Fissidentaceae,S,cottontail,tenderized
5490876,239327818,"$5,157.91 ",2/5/2020,Lamiaceae,S,harnessing,allegiance
512292,579152699,"$17,198.57 ",8/16/2019,Polemoniaceae,B,celebrates,automating
1299241,396126937,"$64,036.62 ",12/26/2019,Verrucariaceae,F,inadequate,crossbow's
5622521,937286386,"$86,724.27 ",10/29/2019,Fabaceae,B,caucussing,pencilling
1275606,276145569,"$8,838.86 ",12/1/2019,Polygonaceae,S,reflective,manhandled
8605192,586936737,"$6,394.04 ",3/4/2019,Lentibulariaceae,B,exemptions,tabernacle
714114,599241402,"$63,746.85 ",7/31/2019,Fabaceae,S,crayfishes,mysterious
4596751,492153631,"$27,239.78 ",1/20/2020,Apocynaceae,B,washable's,consenting
4533226,586049322,"$87,952.25 ",5/17/2019,Betulaceae,S,tormentors,laboratory
6640072,610324625,"$25,969.00 ",8/27/2019,Rutaceae,S,educator's,separation
2636029,769924300,"$95,714.19 ",12/31/2019,Lamiaceae,S,mausoleums,currencies
7479053,366794356,"$20,524.75 ",12/5/2019,Amaranthaceae,S,prevailing,designer's
7004311,152740312,"$22,889.13 ",9/5/2019,Agavaceae,S,microwaves,weaknesses
5437889,657197539,"$61,614.05 ",5/19/2019,Asteraceae,S,database's,waitresses
8387731,973819040,"$30,660.73 ",6/9/2019,Fagaceae,S,overdosing,notation's
1947276,912430546,"$62,538.32 ",11/18/2019,Urticaceae,F,traveler's,population
7036698,653745900,"$19,610.12 ",11/5/2019,Verrucariaceae,F,hypnotized,uneconomic
2497638,309484371,"$96,757.79 ",3/14/2019,Asteraceae,S,smokestack,planetaria
3174334,940595159,"$29,353.65 ",10/8/2019,Gesneriaceae,S,locomotion,approach's
1923513,344596567,"$5,012.81 ",9/2/2019,Valerianaceae,S,cafeterias,nobleman's
6533790,39293175,"$55,171.16 ",1/13/2020,Lamiaceae,L,stalemated,harassment
7315992,259228608,"$80,312.72 ",8/6/2019,Liliaceae,S,minuscules,negotiates
7860037,689197822,"$78,380.13 ",6/5/2019,Poaceae,L,blacksmith,perception
488283,306705716,"$12,659.70 ",3/9/2019,Acanthaceae,B,minorities,disposable
3866340,958215474,"$29,481.86 ",2/5/2020,Cyperaceae,L,skirmishes,birthplace
7555697,380528361,"$51,747.06 ",6/14/2019,Rosaceae,B,lacerating,obliterate
1167885,595469469,"$12,427.27 ",1/30/2020,Rosaceae,S,mortuary's,standoff's
3670915,14230681,"$4,415.19 ",5/1/2019,Dryopteridaceae,S,placenta's,elongating
1475692,260334008,"$11,361.05 ",4/17/2019,Rhamnaceae,L,inferences,department
9845633,790572141,"$36,303.58 ",2/18/2020,Onagraceae,B,repatriate,shadowiest
8364602,553117868,"$23,856.82 ",7/5/2019,Cyperaceae,S,fertilizer,applicants
3162521,686421233,"$23,207.65 ",11/27/2019,Poaceae,S,interlocks,beseeching
3288755,297443080,"$98,267.01 ",3/31/2019,Liliaceae,L,reorganize,exploiting
3049460,139416875,"$81,748.00 ",6/23/2019,Lythraceae,S,dramatists,dependence
7322345,572829124,"$27,186.80 ",6/12/2019,Nyctaginaceae,S,eliminates,discussing
8032983,917688637,"$26,160.71 ",3/22/2019,Proteaceae,S,lubricated,lemonade's
5673663,526144183,"$25,584.62 ",11/21/2019,Polygonaceae,F,frameworks,altogether
6806765,912601046,"$58,098.11 ",12/27/2019,Asteraceae,S,locomotion,peripheral
2003404,273273396,"$88,092.85 ",4/22/2019,Loasaceae,B,legislates,shapeliest
4795315,301853184,"$56,354.95 ",2/28/2020,Polygonaceae,S,frequented,oppressive
8074859,8105260,"$25,467.77 ",5/30/2019,Rosaceae,S,relativity,initiating
1390722,183640827,"$67,914.35 ",1/8/2020,Lamiaceae,L,dishonor's,solidified
6734414,392973021,"$94,210.26 ",8/13/2019,Stereocaulaceae,B,extricated,profusions
2723394,836285598,"$98,696.26 ",12/1/2019,Lamiaceae,B,yoghourt's,irritant's
952522,48297535,"$84,383.30 ",8/1/2019,Lamiaceae,S,proceeding,engrossing
887415,110872909,"$32,964.58 ",12/16/2019,Magnoliaceae,B,legality's,greenhouse
2476464,40915413,"$8,014.89 ",4/4/2019,Loasaceae,S,reinforces,cataract's
8826362,683926481,"$11,179.12 ",10/11/2019,Asteraceae,S,airstrip's,transpired
8071264,846954424,"$21,197.64 ",12/11/2019,Solanaceae,B,assertions,televising
1578541,106666164,"$17,740.24 ",4/20/2019,Poaceae,S,skippering,prophesied
9655861,252427380,"$60,541.89 ",10/20/2019,Fabaceae,S,uniformity,registries
1406319,625650879,"$20,297.56 ",4/13/2019,Polygonaceae,F,rescinding,slipperier
9549488,307050481,"$77,256.15 ",9/25/2019,Rhizocarpaceae,S,ordinances,governor's
3427487,961051253,"$17,545.35 ",11/6/2019,Thelypteridaceae,B,foreboding,tantamount
1500575,375350586,"$97,291.16 ",2/23/2020,Rosaceae,L,carburetor,mountain's
3266154,709333801,"$63,316.10 ",8/3/2019,Apiaceae,L,dignifying,parameters
2980379,457314531,"$41,379.31 ",5/13/2019,Polygonaceae,B,intriguing,forehead's
5445240,960660108,"$30,275.19 ",10/8/2019,Apiaceae,F,valuable's,fortieth's
3354717,711472627,"$46,499.66 ",4/26/2019,Liliaceae,L,ascertains,hamburgers
5835741,119505378,"$48,132.03 ",3/24/2019,Pinaceae,B,disposal's,postulated
4918476,873516257,"$8,402.92 ",1/25/2020,Poaceae,F,sunflowers,traditions
2337237,834865981,"$99,107.87 ",6/6/2019,Fissidentaceae,F,negatively,limerick's
1945212,885996049,"$77,234.04 ",11/30/2019,Campanulaceae,B,doctrine's,macaronies
9862844,247176354,"$9,422.17 ",5/10/2019,Lauraceae,B,senility's,opposition
9034452,411963936,"$97,605.10 ",1/26/2020,Apiaceae,B,imperiling,profusions
6544383,747327193,"$11,107.49 ",3/14/2019,Scrophulariaceae,S,deceptions,restrained
7818251,906452549,"$33,349.14 ",9/2/2019,Violaceae,L,superstars,sauntering
2688248,488276581,"$63,902.40 ",11/18/2019,Liliaceae,F,bobsledded,enthralled
1727663,751541600,"$88,479.28 ",12/31/2019,Teloschistaceae,L,turquoises,facilitate
5191851,813157433,"$19,712.87 ",6/30/2019,Pteridaceae,B,festooning,roughening
2437928,334765903,"$32,669.23 ",9/19/2019,Styracaceae,S,projection,noblewoman
379103,560678677,"$98,204.00 ",9/2/2019,Asteraceae,S,orientated,traversing
4610437,519371763,"$7,630.01 ",5/27/2019,Poaceae,S,monument's,travelling
8614417,941671722,"$9,154.75 ",4/27/2019,Physciaceae,F,finalizing,mayonnaise
2316420,755245289,"$58,649.49 ",2/20/2020,Acanthaceae,S,material's,pinpoint's
715231,625640651,"$13,977.92 ",9/6/2019,Rosaceae,F,tightropes,kerosene's
1811648,405601519,"$91,928.33 ",6/20/2019,Bignoniaceae,L,talisman's,implacable
5853977,867909634,"$66,811.00 ",5/15/2019,Onagraceae,L,reservoirs,forbearing
4675119,383652157,"$60,245.23 ",1/31/2020,Aquifoliaceae,S,germicides,dependence
5282891,111448541,"$96,429.53 ",4/26/2019,Cactaceae,S,advisories,needlessly
7769369,737890597,"$34,631.09 ",4/6/2019,Lamiaceae,S,persecutes,practise's
2348847,308591171,"$35,682.27 ",5/18/2019,Brassicaceae,S,neophyte's,highbrow's
5023330,715451074,"$37,615.15 ",8/30/2019,Cyperaceae,S,habitation,pilgrimage
4897106,176345020,"$44,223.26 ",9/19/2019,Juncaceae,S,crayfishes,decimating
6109800,328854243,"$45,805.19 ",10/8/2019,Aristolochiaceae,F,supplement,modulating
6631649,115212098,"$56,093.48 ",11/16/2019,Myristicaceae,S,reformer's,committees
6127574,736531742,"$96,261.81 ",10/21/2019,Aceraceae,S,noticeably,worshipers
4037589,438383840,"$75,651.92 ",3/7/2019,Juglandaceae,S,nobility's,pushover's
1669125,267819537,"$67,771.44 ",7/6/2019,Chenopodiaceae,S,stranger's,indecisive
8381036,737949883,"$27,302.53 ",12/31/2019,Polemoniaceae,B,supplier's,reflexives
9896690,219918700,"$35,894.70 ",6/10/2019,Brassicaceae,S,postmaster,disbursing
8039907,860429762,"$52,068.38 ",1/16/2020,Limnocharitaceae,S,supplier's,mediocrity
4810264,244629953,"$83,175.05 ",11/1/2019,Orchidaceae,S,campaigner,dramatists
8859521,42232433,"$93,339.57 ",9/23/2019,Iridaceae,S,inevitably,cylinder's
3454748,872952192,"$23,587.28 ",8/7/2019,Gentianaceae,B,garlanding,defender's
5584022,721448027,"$50,988.35 ",10/19/2019,Fabaceae,L,accessible,substitute
4291996,258498277,"$65,646.39 ",11/24/2019,Brassicaceae,B,receipting,guillotine
4275308,966582617,"$41,884.63 ",8/18/2019,Fabaceae,F,westerly's,references
4540553,888092444,"$30,245.87 ",1/22/2020,Salicaceae,S,habitation,penknife's
1600989,187093003,"$8,953.01 ",1/5/2020,Euphorbiaceae,S,intimation,exonerated
6842679,907579997,"$74,285.86 ",4/13/2019,Bryaceae,S,incubation,generality
2726400,416601532,"$5,879.96 ",12/20/2019,Juncaceae,F,decorating,communique
2272956,439652233,"$75,174.40 ",3/16/2019,Funariaceae,S,peninsulas,constricts
1428061,721806215,"$50,554.29 ",10/31/2019,Caryophyllaceae,S,anecdote's,cartwheels
1289312,877794143,"$6,401.00 ",2/19/2020,Fabaceae,S,minstrel's,shotgunned
606058,446630779,"$59,278.05 ",5/5/2019,Scrophulariaceae,S,apparition,meditating
2387683,663318520,"$63,808.67 ",12/24/2019,Fabaceae,L,boundaries,crimsoning
3203875,122271366,"$48,594.71 ",10/9/2019,Asteraceae,S,vindictive,phonograph
1416680,543546350,"$46,423.85 ",5/10/2019,Rosaceae,S,sanctioned,volition's
6986357,479127726,"$67,784.48 ",9/22/2019,Boraginaceae,S,deciphered,shriveling
380706,678029577,"$96,877.63 ",1/6/2020,Fabaceae,L,forewarned,synonymous
1185892,562913316,"$34,449.23 ",5/13/2019,Lamiaceae,S,microfiche,platitudes
7951571,240812236,"$34,990.37 ",4/2/2019,Asteraceae,B,bitterness,counseling
863973,661625352,"$3,344.03 ",6/28/2019,Fabaceae,F,juxtaposed,fierceness
5674666,428517358,"$5,653.21 ",2/29/2020,Asteraceae,L,unwrapping,mediocrity
9913289,701456177,"$7,882.80 ",10/11/2019,Asclepiadaceae,S,sharpening,bumblebees
1578032,370747300,"$28,772.44 ",9/18/2019,Euphorbiaceae,S,literacy's,pediatrist
4919685,653093098,"$54,679.98 ",4/14/2019,Parmeliaceae,F,appareling,alteration
3220918,828148975,"$42,908.37 ",5/14/2019,Fabaceae,B,manicurist,humorist's
9963120,652764383,"$81,826.91 ",2/29/2020,Oxalidaceae,L,gynecology,loiterer's
5829829,556480790,"$53,325.41 ",4/6/2019,Salicaceae,S,original's,answerable
6050497,933192883,"$93,319.87 ",8/23/2019,Scrophulariaceae,B,predator's,households
2209772,724331662,"$22,995.38 ",2/4/2020,Asteraceae,B,bannisters,intimidate
7685557,384045148,"$22,732.62 ",3/8/2019,Piperaceae,B,elopements,socialized
2247200,348554464,"$7,799.53 ",7/16/2019,Cyperaceae,S,ungrateful,refreshing
3827047,527867394,"$73,350.15 ",3/26/2019,Rubiaceae,B,sicknesses,resonances
5532153,100002586,"$85,412.14 ",11/17/2019,Salicaceae,B,megabyte's,puncturing
6735803,436218318,"$81,896.42 ",2/11/2020,Pertusariaceae,F,vestibules,disapprove
4876992,685107961,"$42,832.30 ",7/18/2019,Asteraceae,S,appraising,uninspired
1749230,655687295,"$44,434.39 ",10/29/2019,Brachytheciaceae,B,restaurant,prosecuted
4015443,635450683,"$57,528.61 ",11/23/2019,Asteraceae,L,nicotine's,researcher
9551782,385063863,"$14,791.60 ",9/13/2019,Scrophulariaceae,S,obligatory,cashmere's
164452,480830093,"$53,664.24 ",9/21/2019,Rosaceae,B,velocity's,experience
5379704,704780174,"$79,806.92 ",10/2/2019,Fabaceae,S,equality's,silverware
424668,795174394,"$55,788.36 ",10/15/2019,Bryaceae,S,converse's,mattress's
9212635,458508309,"$73,418.77 ",9/6/2019,Fabaceae,S,chromosome,revolution
1787681,681687643,"$57,384.86 ",1/14/2020,Polypodiaceae,B,haranguing,inflection
9967762,861803042,"$15,658.23 ",11/23/2019,Arecaceae,L,sequence's,flimsiness
5263724,536722839,"$70,269.41 ",7/26/2019,Verrucariaceae,S,sauntering,dilation's
7882740,981597990,"$79,740.59 ",3/30/2019,Araceae,B,towellings,diminishes
5866320,271215260,"$45,499.09 ",1/25/2020,Lecideaceae,L,practicals,intangible
8606871,401956740,"$76,876.62 ",2/22/2020,Thelypteridaceae,F,retaliates,toadstools
4962508,574708213,"$54,738.96 ",5/25/2019,Caryophyllaceae,L,rebellions,skepticism
54640,613128726,"$91,600.41 ",12/11/2019,Fabaceae,B,chaperones,cornmeal's
3259229,989430612,"$21,761.04 ",3/4/2019,Polygonaceae,L,refraining,rationally
2190301,216280752,"$42,871.13 ",6/28/2019,Liliaceae,S,euthanasia,singular's
9382406,951724345,"$83,669.64 ",5/30/2019,Rosaceae,S,quarrelled,uprising's
4039603,635456165,"$94,423.77 ",4/19/2019,Verrucariaceae,S,appendixes,gradations
9352101,104735467,"$84,618.61 ",3/17/2019,Pteridaceae,L,pinpoint's,fourteenth
9000375,361200548,"$34,743.35 ",2/9/2020,Chenopodiaceae,S,playground,manifolded
2071575,638701847,"$48,138.75 ",12/13/2019,Rubiaceae,S,physically,richness's
2502296,269684932,"$20,444.52 ",1/1/2020,Cuscutaceae,L,vestment's,conspiring
9419978,523360441,"$98,280.28 ",7/28/2019,Malvaceae,L,confidence,accordions
5962389,374507272,$540.28 ,12/12/2019,Fabaceae,B,ransacking,throttle's
6909289,940372892,"$87,081.46 ",7/5/2019,Brassicaceae,S,highjack's,lecturer's
1291679,858629907,"$50,296.67 ",3/25/2019,Amblystegiaceae,B,charlatans,goalkeeper
8414011,88699866,"$36,935.78 ",5/22/2019,Urticaceae,L,explicable,earthliest
2579284,565723264,"$41,952.97 ",9/26/2019,Poaceae,F,rejuvenate,inaccuracy
3660802,970208134,"$66,967.23 ",4/28/2019,Combretaceae,S,inoculated,employer's
1278846,868915650,"$33,857.55 ",4/20/2019,Brassicaceae,S,unassigned,irreverent
9228343,811329854,"$59,904.17 ",9/1/2019,Convolvulaceae,S,darkness's,dispensing
8872218,170634426,"$75,677.73 ",4/26/2019,Cyperaceae,F,commencing,touchdowns
6881134,857796898,"$73,755.55 ",6/6/2019,Malvaceae,B,distending,depression
6287527,485869543,"$62,613.57 ",9/28/2019,Gomphillaceae,S,meteorites,overeating
4619534,516667556,"$43,536.65 ",8/6/2019,Fabaceae,B,duplicated,clubhouses
7451824,605318982,"$32,231.04 ",3/5/2019,Stereocaulaceae,S,locality's,microwaved
6452729,671720790,"$72,380.73 ",4/13/2019,Violaceae,F,projection,delimiters
3699721,160387885,"$23,443.71 ",3/21/2019,Poaceae,S,surprise's,captaining
9853167,497901499,"$81,822.91 ",9/14/2019,Rosaceae,B,backpacked,warehoused
2447061,213527283,"$76,873.98 ",1/21/2020,Asteraceae,S,woodpecker,treasuring
1883186,526447218,"$39,783.29 ",11/2/2019,Verbenaceae,S,serenading,paralleled
1213722,187365881,"$58,254.81 ",5/23/2019,Fabaceae,S,irrelevant,monorail's
3504470,930959770,"$45,346.86 ",12/11/2019,Fabaceae,S,unprovoked,greeting's
4397891,411540265,"$76,745.13 ",6/23/2019,Poaceae,S,intimation,previewers
8650909,802535094,"$62,729.33 ",9/1/2019,Brassicaceae,B,abstinence,overheated
8927721,24904031,"$32,393.55 ",11/22/2019,Ranunculaceae,S,unhappiest,hallelujah
2124235,23780935,"$43,588.21 ",1/2/2020,Araceae,S,totalities,tormenting
3739190,701085279,"$77,550.76 ",3/29/2019,Asclepiadaceae,B,activating,aptitude's
4366826,145389121,"$29,530.93 ",12/22/2019,Asteraceae,S,renouncing,perceptive
5494723,358369666,"$40,480.20 ",10/8/2019,Gesneriaceae,L,flourishes,triangular
5627999,77382819,"$17,011.16 ",7/9/2019,Malvaceae,S,ridiculing,submission
3444900,115916990,"$96,376.85 ",8/19/2019,Asteraceae,S,fashioning,lymphatics
3251697,345934,"$2,667.16 ",11/28/2019,Poaceae,S,critically,beginner's
3444597,118345408,"$26,288.64 ",2/7/2020,Leskeaceae,L,airliner's,durability
9439313,688233002,"$49,263.67 ",5/13/2019,Brassicaceae,B,frosting's,recurrence
8547873,210243073,"$6,942.48 ",7/7/2019,Scrophulariaceae,S,discourses,coercion's
2842402,742346200,"$41,084.81 ",2/11/2020,Menispermaceae,S,graduation,futility's
6666993,278737632,"$79,914.79 ",8/22/2019,Bromeliaceae,S,allotments,mortuary's
5115417,948867059,"$62,978.78 ",1/11/2020,Convolvulaceae,F,dislocates,greediness
7622549,190853128,"$81,197.93 ",9/18/2019,Hymenophyllaceae,S,clambering,appendix's
4510124,749445423,"$89,466.97 ",2/29/2020,Apiaceae,B,discoursed,dismissals
8899488,494796157,"$4,862.82 ",1/7/2020,Asteraceae,L,domestic's,overstated
9962191,496810880,"$45,010.58 ",7/27/2019,Ranunculaceae,S,bartenders,audition's
3876033,251662138,"$82,328.23 ",8/12/2019,Asteraceae,S,detonators,narrations
2010817,716348416,"$83,233.27 ",2/24/2020,Splachnobryaceae,S,facsimiles,intimation
6003503,92940784,"$68,379.58 ",1/18/2020,Rutaceae,S,stuttering,severances
3652481,834008334,"$83,750.48 ",9/5/2019,Fabaceae,B,telescoped,enrollment
46809,986393697,"$90,491.87 ",12/28/2019,Sapindaceae,S,unprovoked,perfectest
600966,695767243,"$63,860.34 ",6/13/2019,Campanulaceae,S,conversing,locomotion
8558614,604515426,"$64,341.70 ",5/1/2019,Euphorbiaceae,S,radiance's,novelist's
7960963,799719267,"$85,187.14 ",3/14/2019,Asteraceae,B,scrawniest,treasury's
3161115,563460930,"$44,740.75 ",3/28/2019,Amaranthaceae,B,assembling,nativities
449330,339408442,"$50,182.99 ",6/8/2019,Nyctaginaceae,S,tameness's,occurrence
4412716,492223858,"$86,395.60 ",5/18/2019,Physciaceae,B,complexion,mahoganies
185250,284533974,"$12,399.72 ",12/22/2019,Rubiaceae,S,proceeding,attentions
3211588,57607381,"$1,756.11 ",10/20/2019,Asteraceae,S,convenient,uneducated
5489171,284137876,"$84,712.35 ",8/9/2019,Poaceae,B,cottontail,solitaries
2865950,119270243,"$80,200.89 ",9/13/2019,Juncaceae,F,acquittals,somebodies
8233881,60917671,"$60,816.14 ",9/4/2019,Hydrophyllaceae,L,sufferings,commerce's
362717,458634397,"$64,296.61 ",8/20/2019,Asteraceae,S,vocalist's,cooperated
7708151,628314363,"$27,845.98 ",7/19/2019,Brassicaceae,L,optimizing,adoption's
9854507,82252857,"$24,807.23 ",3/5/2019,Fabaceae,F,floundered,hyacinth's
3881273,731234759,"$96,229.42 ",9/21/2019,Asteraceae,S,panorama's,loathing's
2057162,647528589,"$79,712.22 ",5/16/2019,Asteraceae,S,manipulate,demagogues
8944961,272838110,"$19,583.54 ",4/5/2019,Timmiaceae,B,retrievals,recourse's
5734893,974248044,"$31,545.61 ",7/21/2019,Asteraceae,S,collection,girlhood's
7481486,823808077,"$23,453.82 ",4/21/2019,Catillariaceae,S,encircling,generality
6621038,270081713,"$16,118.56 ",5/23/2019,Poaceae,S,marsupials,thousand's
1875012,892271579,"$96,600.71 ",10/24/2019,Cyperaceae,S,recreating,outdoors's
781026,891071294,"$32,864.64 ",12/4/2019,Sematophyllaceae,S,stuttering,tentacle's
8922468,409666724,"$46,791.93 ",2/9/2020,Hymeneliaceae,L,comestible,negotiable
4193817,696348035,"$67,670.18 ",9/18/2019,Asteraceae,S,electrodes,correctest
2015959,568154929,"$28,656.01 ",6/19/2019,Myrtaceae,B,velvetiest,recovering
5063885,52212162,"$41,328.44 ",5/11/2019,Boraginaceae,B,compassing,subsisting
2084008,643153611,"$95,096.16 ",6/7/2019,Hydrophyllaceae,F,fatherland,mausoleums
2454583,267573068,"$48,969.57 ",7/9/2019,Gesneriaceae,L,calculates,biological
9425242,217190720,"$72,774.38 ",8/3/2019,Scrophulariaceae,B,confession,penmanship
2822465,840395127,"$16,297.29 ",7/4/2019,Urticaceae,B,delusion's,deprecated
4584295,554875538,"$71,378.76 ",3/6/2019,Lentibulariaceae,L,pressuring,arbitrates
7503810,73967077,"$30,094.68 ",3/21/2019,Crassulaceae,S,letterhead,proceeds's
7423155,614831674,"$27,876.75 ",11/1/2019,Zosteraceae,S,sacrileges,stuttering
7895027,375494703,"$42,062.52 ",3/3/2019,Saxifragaceae,B,simplistic,stipulated
5421921,153728997,"$8,626.86 ",6/19/2019,Fabaceae,B,telephones,reasonable
824112,51210005,"$98,430.19 ",5/9/2019,Asteraceae,S,dispersion,backfiring
8993585,483049408,"$91,584.87 ",11/25/2019,Nymphaeaceae,L,overcoat's,occupation
3955033,523390848,"$44,850.23 ",4/17/2019,Ranunculaceae,S,repeatedly,freshening
1768211,690526810,"$55,200.23 ",7/26/2019,Asteraceae,S,expressive,sterilized
4879655,448437619,"$9,966.82 ",2/3/2020,Fabaceae,S,broadsided,abbreviate
9657616,316779927,"$27,995.63 ",2/20/2020,Apiaceae,S,casseroles,wastelands
3420497,5669293,"$38,153.83 ",10/22/2019,Rutaceae,F,scramble's,offering's
7880113,523237312,"$90,134.51 ",10/3/2019,Juncaceae,S,declension,disappears
9646765,122502768,"$98,616.33 ",9/26/2019,Geraniaceae,S,pestilence,developers
8069150,462115823,"$2,587.74 ",2/5/2020,Poaceae,B,bequeathed,validating
2350338,401025151,"$30,590.54 ",9/3/2019,Fontinalaceae,F,adventures,blackboard
2186520,575504319,"$20,708.66 ",5/1/2019,Thelypteridaceae,F,autocrat's,plummeting
3404403,597531295,"$57,601.77 ",3/29/2019,Rosaceae,S,clemency's,hobbyhorse
7853789,195896045,"$53,900.78 ",4/3/2019,Ericaceae,F,legality's,scrutinize
3790558,559867893,"$15,124.78 ",8/15/2019,Polygonaceae,S,statistics,additional
4125340,775604085,"$40,935.13 ",2/24/2020,Primulaceae,S,fuselage's,repayments
2207905,880391212,"$32,924.25 ",6/2/2019,Asteraceae,F,altruism's,daffodil's
9074577,2170297,"$87,000.47 ",7/2/2019,Leskeaceae,S,substitute,overheated
5702165,2090928,"$70,336.21 ",2/17/2020,Liliaceae,S,repugnance,familiar's
2296763,715211340,"$72,393.17 ",9/5/2019,Scrophulariaceae,S,segregates,discharged
218856,418817349,"$92,098.07 ",10/8/2019,Hydrophyllaceae,B,earthquake,therapists
64894,177722677,"$26,864.84 ",7/29/2019,Rosaceae,L,absorbents,subscriber
5839384,616979171,"$48,630.79 ",6/20/2019,Asteraceae,B,intimacy's,reiterates
7877278,497155219,"$21,271.34 ",12/13/2019,Bartramiaceae,S,bachelor's,nobility's
2988457,608735480,"$60,256.04 ",7/25/2019,Poaceae,L,trapezoids,inaccurate
4247079,867147931,"$90,836.59 ",3/6/2019,Encalyptaceae,L,copperhead,outputting
7442519,886508504,"$93,551.61 ",4/22/2019,Rubiaceae,S,themselves,eavesdrops
4519196,499933930,"$92,696.98 ",7/27/2019,Polypodiaceae,F,discussion,configures
2580949,277172847,"$26,536.71 ",1/8/2020,Boraginaceae,B,grindstone,flammables
3125994,612878697,"$40,357.24 ",11/12/2019,Scrophulariaceae,S,transports,subjecting
717932,702142900,"$38,920.29 ",8/10/2019,Pertusariaceae,S,bitterness,tormenting
8521590,693131994,"$85,170.95 ",12/9/2019,Poaceae,S,revolver's,veterinary
384010,347004950,"$71,424.81 ",5/2/2019,Brassicaceae,S,impurities,restfuller
5458372,71713363,"$60,413.77 ",4/30/2019,Asteraceae,S,presenting,misinforms
9436148,629555043,"$59,639.67 ",1/14/2020,Poaceae,L,departures,treasure's
781027,502090953,"$61,557.07 ",3/26/2019,Ericaceae,F,magnitudes,boundary's
1435584,315914917,"$11,183.02 ",6/2/2019,Lamiaceae,S,intimidate,barbequing
4627228,953700863,"$21,237.76 ",3/29/2019,Asteraceae,S,standpoint,worshipper
4949249,184731247,"$14,486.43 ",3/25/2019,Fabaceae,B,rainfall's,intimidate
3906019,34317898,"$85,772.96 ",8/18/2019,Scrophulariaceae,F,precocious,alignments
7850018,880891836,"$54,781.16 ",8/3/2019,Apiaceae,F,buttress's,compatriot
1510591,454995761,"$92,394.21 ",2/21/2020,Solanaceae,B,thirtieths,conclusion
6558061,739723765,"$53,829.02 ",5/10/2019,Polemoniaceae,F,breeding's,retracting
9489956,373096171,"$86,359.55 ",5/24/2019,Schizaeaceae,S,sweeping's,butchery's
9234935,601602445,"$36,468.38 ",4/27/2019,Asteraceae,S,cinnamon's,previously
2592338,77338339,"$14,151.70 ",9/29/2019,Sematophyllaceae,S,assembly's,domiciling
210341,491044056,"$42,590.48 ",8/28/2019,Cladoniaceae,S,peripheral,easterlies
492511,504486701,"$4,183.14 ",11/4/2019,Rosaceae,B,inspection,remodeling
7365958,213197410,"$25,523.13 ",5/22/2019,Salicaceae,L,patronizes,catechisms
8433743,145886264,"$38,544.12 ",2/4/2020,Crassulaceae,S,appearance,watchwords
620625,903292656,"$46,457.59 ",4/9/2019,Asteraceae,L,stealthily,cartoonist
2721789,8201304,"$59,107.53 ",7/28/2019,Saxifragaceae,L,effeminate,metaphor's
1142650,350009151,"$75,398.40 ",12/29/2019,Brassicaceae,L,tendencies,tyrannizes
3765191,707617608,"$41,459.30 ",11/21/2019,Lobariaceae,S,uneconomic,vernacular
9000208,902100880,"$68,666.58 ",11/24/2019,Onagraceae,S,yardsticks,bipartisan
2261585,751625581,"$17,881.21 ",5/28/2019,Gyalectaceae,B,popularity,breeding's
8991760,615161616,"$50,908.49 ",5/30/2019,Liliaceae,B,bookshop's,macaronies
5601692,945535771,"$86,494.79 ",11/18/2019,Placynthiaceae,S,politeness,neglecting
9167261,918294039,"$3,711.32 ",2/2/2020,Apiaceae,B,preferably,wretcheder
9742175,804899276,"$41,126.93 ",11/1/2019,Asteraceae,S,transpires,aqueduct's
5442095,74104000,"$71,504.16 ",10/15/2019,Parmeliaceae,S,customer's,kilobyte's
8526597,378648994,"$58,794.74 ",12/28/2019,Anacardiaceae,L,transposed,analysis's
2657917,811911990,"$19,665.38 ",11/16/2019,Apocynaceae,S,warranting,devastates
7316956,543428717,"$88,217.11 ",8/29/2019,Portulacaceae,S,sidestep's,outclasses
5506000,739693077,"$52,322.34 ",6/16/2019,Thrombiaceae,F,amputation,imbecile's
4830187,818316981,"$56,389.25 ",6/20/2019,Fabaceae,S,geometries,crocodiles
809640,724632501,"$12,367.12 ",3/30/2019,Verbenaceae,B,unwieldier,criminal's
6562775,696547015,"$56,057.72 ",7/31/2019,Caryophyllaceae,S,underneath,liquifying
5812917,876201746,"$5,119.13 ",6/7/2019,Brassicaceae,S,metabolism,blanketing
6351222,189753305,"$39,790.87 ",7/29/2019,Anacardiaceae,F,debilitate,keystrokes
7170212,837422309,"$65,662.62 ",5/24/2019,Capparaceae,B,sideline's,practise's
2350064,520827671,"$57,534.90 ",1/15/2020,Asteraceae,S,editorship,discourage
3130506,415123746,"$70,979.85 ",12/18/2019,Brassicaceae,B,starfish's,sidewalk's
8653750,311822606,"$10,555.33 ",3/31/2019,Asteraceae,B,redefining,variable's
7629293,579502121,"$21,219.41 ",1/22/2020,Asteraceae,L,correctest,smokestack
4539729,426700644,"$76,893.38 ",2/28/2020,Poaceae,S,productive,location's
7150691,696168983,"$4,126.59 ",6/12/2019,Brassicaceae,F,undersides,motorbikes
9452639,248923879,"$57,931.42 ",11/19/2019,Gleicheniaceae,B,chromium's,physicians
2348856,354527333,"$40,830.20 ",12/16/2019,Pottiaceae,S,pleasuring,revelation
6693179,453028917,"$19,830.64 ",9/1/2019,Uncertain Ascomycota Family,L,gratuity's,transitted
4417973,947027673,"$22,641.96 ",7/4/2019,Caryophyllaceae,S,diabolical,fledgeling
1125587,993820057,"$14,392.84 ",12/5/2019,Cyperaceae,S,terminates,correcting
985206,843917654,"$28,848.11 ",1/16/2020,Fabaceae,B,uniqueness,sentence's
8458302,834740065,"$57,937.08 ",3/11/2019,Xyridaceae,S,squalidest,pretense's
3656391,964132226,"$57,175.81 ",1/8/2020,Lamiaceae,F,medallions,debasement
1714752,24000577,"$34,780.14 ",8/17/2019,Campanulaceae,F,fragmented,digitizing
9288911,914805052,"$51,306.96 ",8/26/2019,Scrophulariaceae,S,threadbare,conceptual
6380157,352334496,"$26,369.63 ",1/10/2020,Fagaceae,L,underrates,infrared's
4055648,686983912,"$46,225.23 ",4/23/2019,Scrophulariaceae,S,snowballed,nutrient's
590841,486747145,"$45,078.38 ",10/9/2019,Fabaceae,L,femininity,generosity
2436159,88107026,"$43,625.70 ",4/24/2019,Asteraceae,S,haughtiest,demagogues
4585451,651462731,"$62,734.12 ",11/14/2019,Thuidiaceae,S,personable,prospector
6519712,473408749,"$96,496.87 ",4/23/2019,Euphorbiaceae,S,outlasting,criticizes
8224084,447131618,"$83,602.89 ",3/9/2019,Onagraceae,F,frolicking,transients
5575820,964105409,"$71,453.82 ",10/7/2019,Clusiaceae,S,afterwards,garlanding
2745149,231992450,"$10,071.46 ",1/15/2020,Scrophulariaceae,S,waterfront,lateraling
9775522,239193458,"$69,607.86 ",11/30/2019,Fabaceae,F,discredits,sharpening
4829083,311585585,"$77,212.12 ",4/1/2019,Verbenaceae,S,jackknives,introduces
549581,373788496,"$41,445.58 ",10/14/2019,Asteraceae,S,travestied,subscripts
5518437,498040991,"$93,412.23 ",3/26/2019,Polygonaceae,S,dehydrated,partridges
6756449,535547378,"$14,888.96 ",4/7/2019,Acanthaceae,B,fragmented,messengers
9922577,467515205,"$58,171.92 ",6/7/2019,Cuscutaceae,L,plantation,migrations
2290136,295907391,"$41,961.05 ",9/11/2019,Brassicaceae,S,tomorrow's,survivor's
3733284,969784345,"$49,679.29 ",2/16/2020,Acarosporaceae,S,organism's,synthesize
2604832,554274524,"$83,670.01 ",2/6/2020,Boraginaceae,S,navigation,tomahawk's
2843323,667486589,"$96,359.94 ",10/13/2019,Asteraceae,S,privatizes,holiness's
9911133,142936558,"$11,299.45 ",10/7/2019,Pinaceae,S,mechanical,bipartisan
3025702,751816474,"$96,935.59 ",3/15/2019,Ophioglossaceae,S,snapshot's,training's
9989574,504527453,"$5,386.30 ",11/26/2019,Thymelaeaceae,S,posteriors,consequent
4918885,536959285,"$50,842.98 ",6/9/2019,Cyperaceae,B,astronomer,perforates
4141618,404667710,"$14,501.29 ",11/2/2019,Poaceae,B,frequented,assemblers
2166535,45517941,"$37,766.92 ",10/17/2019,Fabaceae,S,discussion,referendum
5591555,314141320,"$87,825.30 ",10/22/2019,Liliaceae,F,pedestrian,currency's
5646811,480266294,"$94,370.08 ",8/19/2019,Polytrichaceae,S,laughter's,nursemaids
2337418,145591155,"$91,935.71 ",3/10/2019,Scrophulariaceae,B,manifested,impurity's
4328801,149830762,"$15,810.09 ",6/26/2019,Asteraceae,S,ceremonial,remodelled
1582333,725142600,"$47,761.26 ",4/16/2019,Asteraceae,S,chauvinist,somebodies
767298,348804717,"$56,102.84 ",7/30/2019,Loganiaceae,B,phenomenal,mushroomed
9362798,102610919,"$77,711.68 ",8/10/2019,Scrophulariaceae,L,slaughters,attitude's
6286132,566621525,"$69,407.10 ",12/27/2019,Asteraceae,S,memorandum,penitent's
7061400,119327923,"$99,491.11 ",5/24/2019,Scrophulariaceae,L,flotilla's,reimburses
8706969,271875349,"$51,160.50 ",11/26/2019,Fagaceae,L,flickering,artefact's
4441586,737290134,"$7,445.89 ",9/29/2019,Fabaceae,S,currencies,waterworks
9598915,914001259,"$88,945.05 ",3/25/2019,Teloschistaceae,B,rebuttal's,institutes
1457953,549627387,"$6,684.77 ",12/29/2019,Cyperaceae,F,sunburning,criticisms
745581,357332607,"$62,452.13 ",3/28/2019,Orchidaceae,L,malevolent,convenient
156703,818292954,"$7,022.49 ",1/25/2020,Asteraceae,S,compassion,scramble's
7354930,982151726,"$95,974.12 ",6/21/2019,Liliaceae,F,executable,stuffing's
4561343,675986019,"$94,767.48 ",10/27/2019,Polygonaceae,S,converting,thirstiest
9387199,81012403,"$44,068.08 ",9/18/2019,Physciaceae,B,releasable,refraction
1696160,616571376,"$51,986.40 ",1/3/2020,Cistaceae,S,scrupulous,asphyxiate
7457065,808201863,"$10,410.50 ",8/31/2019,Fabaceae,S,sovereigns,entrenched
4560392,622579044,"$91,979.38 ",4/11/2019,Violaceae,F,retaliated,southpaw's
4383379,208095968,"$82,425.79 ",4/16/2019,Boraginaceae,B,manifolded,modulating
2059945,499620465,"$77,001.50 ",11/14/2019,Rosaceae,L,referenced,misdirects
6852110,111680347,"$8,217.22 ",4/2/2019,Fabaceae,L,distresses,distress's
6888119,69698102,"$41,809.30 ",7/18/2019,Asteraceae,S,dumpling's,magnetizes
6214375,926894562,"$33,786.60 ",6/25/2019,Funariaceae,L,frittering,loneliness
5048855,343765137,"$13,620.88 ",11/23/2019,Asteraceae,S,disfigured,victimizes
6692321,218225457,"$2,416.04 ",4/22/2019,Scrophulariaceae,S,suppressed,folklore's
6030097,332556084,"$45,067.00 ",10/28/2019,Hypnaceae,B,doctrine's,regulating
7142694,828979231,"$99,215.40 ",12/21/2019,Nyctaginaceae,S,underpants,dishwasher
8316392,60847428,"$95,491.91 ",12/23/2019,Fabaceae,S,railroad's,indictment
7740214,12469420,"$80,472.45 ",12/10/2019,Leucobryaceae,L,accountant,beautifies
7272060,735967534,"$44,871.43 ",2/29/2020,Dicranaceae,F,quadrant's,servicemen
8509225,468874131,"$30,593.71 ",9/19/2019,Salicaceae,F,juncture's,conductors
3989080,319075050,"$46,389.63 ",9/12/2019,Cucurbitaceae,B,burdensome,pasteurize
4085365,690690168,"$56,931.49 ",7/24/2019,Violaceae,L,overhead's,carelessly
5250043,127721508,"$6,678.05 ",9/17/2019,Malvaceae,B,scrawniest,intimacy's
2327283,471998182,"$64,446.49 ",8/25/2019,Rosaceae,B,blacksmith,retrieve's
5826028,268201637,"$35,866.96 ",1/23/2020,Araliaceae,B,treasure's,gruellings
548682,357066852,"$30,701.56 ",10/9/2019,Anthocerotaceae,B,penetrates,feedback's
2627706,701172598,"$33,942.65 ",3/16/2019,Lamiaceae,B,prophecies,designated
8437247,506115108,"$7,198.53 ",4/19/2019,Mniaceae,B,beautician,distracted
8614037,24791494,"$84,196.42 ",11/10/2019,Lecanoraceae,S,mosquitoes,cellophane
8723285,167023841,"$78,987.96 ",1/10/2020,Brassicaceae,F,researcher,taxation's
3641110,929011448,"$28,584.66 ",5/11/2019,Ranunculaceae,S,additive's,motivating
7702724,865344490,"$53,271.07 ",10/5/2019,Cyperaceae,S,taillights,heartaches
836318,123437686,"$18,026.97 ",3/12/2019,Zingiberaceae,B,salutation,lubricated
8928172,901073288,"$54,126.63 ",3/7/2019,Fabaceae,S,visualizes,agreements
5928424,14249684,"$57,254.07 ",6/27/2019,Combretaceae,B,hundredths,buoyancy's
4036534,358276836,"$7,168.86 ",1/28/2020,Asteraceae,B,accelerate,reprinting
5824627,856941128,"$66,668.60 ",1/25/2020,Caryophyllaceae,S,irritation,typesetter
9604504,701928768,"$88,984.39 ",4/21/2019,Asteraceae,B,inventor's,synthetics
9627442,372473973,"$77,810.36 ",1/26/2020,Scrophulariaceae,S,beautifies,championed
3462499,169923960,"$30,515.66 ",6/19/2019,Moraceae,S,bridesmaid,hypnosis's
8354047,650691609,"$48,547.41 ",7/21/2019,Verbenaceae,S,boomerangs,discredits
28415,337859349,"$35,169.88 ",2/21/2020,Verrucariaceae,B,irrelevant,delicacy's
1825129,959523563,"$2,733.76 ",3/24/2019,Bacidiaceae,S,barometers,intensives
9011335,918140158,"$67,197.24 ",7/21/2019,Asteraceae,S,captaining,armistices
4890682,125335249,"$90,130.82 ",2/13/2020,Campanulaceae,S,robustness,ruminating
1039143,46838245,"$58,487.88 ",9/21/2019,Capparaceae,F,tenderizes,miniscules
8683972,5967936,"$75,432.88 ",1/8/2020,Juncaceae,S,dressing's,uneconomic
5585848,745074950,"$73,298.97 ",3/22/2019,Crassulaceae,B,interested,escalating
9411651,971590106,"$14,912.92 ",7/16/2019,Lemnaceae,S,unstablest,corpuscles
5777133,161343738,"$23,634.68 ",8/12/2019,Fabaceae,S,billboards,introduces
6922830,347847754,"$13,832.42 ",12/16/2019,Salicaceae,S,pigeonhole,intramural
5621212,640408394,"$62,710.35 ",9/12/2019,Solorinellaceae,S,secretions,senility's
6045587,792105622,"$44,802.37 ",6/19/2019,Cyperaceae,B,channeling,attraction
1366646,372892220,"$57,060.40 ",4/5/2019,Polygonaceae,S,privileged,reproach's
8264975,732214489,"$94,656.22 ",5/6/2019,Oxalidaceae,B,facility's,skirmish's
133980,614034392,"$40,131.81 ",10/4/2019,Apiaceae,B,parcelling,republican
1638837,974876644,"$66,250.76 ",10/10/2019,Rhizocarpaceae,F,featherier,handlebars
5918574,92450983,"$59,726.64 ",7/9/2019,Verbenaceae,S,partisan's,chimpanzee
8702597,472463027,"$12,849.53 ",5/16/2019,Fagaceae,F,underrated,detectives
5593873,746052150,"$46,857.22 ",12/24/2019,Asteraceae,F,volleyball,endearment
9688668,892538931,"$98,674.75 ",7/21/2019,Lamiaceae,S,implacable,valentines
2311577,868224873,"$59,285.85 ",12/31/2019,Pertusariaceae,F,coordinate,popularize
7540579,412725988,"$50,244.44 ",9/22/2019,Asteraceae,S,employer's,immigrated
5380600,759732843,"$97,649.51 ",10/20/2019,Crassulaceae,F,pantomimes,intimacies
9420773,933236680,"$87,481.27 ",12/12/2019,Hydrophyllaceae,B,fondness's,portraying
1943493,413123885,"$51,878.48 ",7/13/2019,Rutaceae,B,travestied,repetitive
4598533,63313356,"$68,781.45 ",6/29/2019,Dryopteridaceae,S,quadruplet,painlessly
1275570,432279811,"$65,421.23 ",2/21/2020,Physciaceae,S,sweepstake,undetected
2793444,252986812,"$67,266.37 ",9/24/2019,Poaceae,S,sanctity's,melodramas
5864897,152139440,"$10,375.47 ",8/3/2019,Primulaceae,B,impregnate,corpuscles
3339485,727161175,"$11,882.91 ",12/4/2019,Fabaceae,L,immigrated,humorously
3742880,206641036,"$35,081.30 ",9/15/2019,Asteraceae,L,celibate's,membrane's
3084473,654298299,"$40,093.29 ",7/10/2019,Rhamnaceae,S,armadillos,elegance's
8438646,329975090,"$26,470.56 ",12/8/2019,Myrtaceae,S,affordable,November's
5564302,451004919,"$8,783.47 ",5/15/2019,Rubiaceae,B,positive's,sympathy's
7650168,661837370,"$84,663.25 ",3/20/2019,Ranunculaceae,L,sailboat's,director's
4769895,375852304,"$85,314.28 ",6/5/2019,Solanaceae,S,counselors,ungodliest
4595302,311325749,"$54,767.01 ",9/29/2019,Orchidaceae,B,downfall's,scribble's
2173781,88844793,"$30,551.04 ",8/5/2019,Fabaceae,L,monopolize,grapefruit
4842563,642897350,"$74,972.23 ",5/24/2019,Rosaceae,L,dynamiting,follower's
3448272,761509345,"$12,190.08 ",10/13/2019,Myrtaceae,S,inexorably,vandalizes
5867078,744461147,"$74,807.88 ",12/1/2019,Liliaceae,B,monastic's,statements
2149088,530561734,"$14,370.85 ",11/18/2019,Fabaceae,S,contorting,mainstream
9275606,279699142,"$55,665.80 ",2/27/2020,Agavaceae,S,belaboring,progresses
2251304,752355985,"$32,664.86 ",9/5/2019,Isoetaceae,B,previewers,brilliants
4459412,857526700,"$43,598.81 ",5/4/2019,Asteraceae,S,helplessly,Catholic's
5755648,109507986,"$44,807.66 ",10/14/2019,Poaceae,S,breakfasts,festival's
1564903,370088965,"$38,951.51 ",12/13/2019,Scrophulariaceae,S,executions,matchbooks
8666500,703512202,"$29,364.37 ",2/11/2020,Parmeliaceae,B,idealistic,totality's
572092,109285992,"$15,648.27 ",9/5/2019,Lecanoraceae,S,calculator,confounded
1707733,919352832,"$54,743.44 ",12/18/2019,Parmeliaceae,S,toothaches,informer's
5373801,898757647,"$23,205.76 ",3/29/2019,Scrophulariaceae,S,structured,gravestone
5762606,455927536,"$27,335.72 ",9/25/2019,Poaceae,S,monologues,chiselling
8448410,317520329,"$15,832.67 ",10/7/2019,Fabaceae,B,expletives,curtaining
3109001,218181406,"$12,328.51 ",3/24/2019,Rosaceae,S,interrupts,intimate's
5954876,106501226,"$8,384.75 ",12/22/2019,Anomodontaceae,S,memorial's,fortresses
5412942,196070155,"$63,632.41 ",11/11/2019,Euphorbiaceae,S,pantomimes,minimalism
6477834,733848560,"$19,124.40 ",9/18/2019,Apiaceae,B,rejuvenate,educations
1135470,942828031,"$94,651.21 ",9/10/2019,Scrophulariaceae,S,pleasuring,orientated
531633,517262591,"$9,634.62 ",5/10/2019,Euphorbiaceae,L,asphalting,undershirt
7154529,281796808,"$49,101.56 ",5/28/2019,Rosaceae,B,perpetuals,transports
9130292,221732197,"$45,685.63 ",7/27/2019,Ericaceae,B,supersedes,upheaval's
5114319,444395913,"$89,680.08 ",4/17/2019,Asteraceae,S,preeminent,dedicating
8816842,349985162,"$64,726.46 ",10/25/2019,Fabaceae,S,concession,infinitive
1552128,770426584,"$46,138.68 ",11/16/2019,Caryophyllaceae,B,throughout,reiterated
9228435,513374926,"$34,448.84 ",2/20/2020,Fabaceae,F,witticisms,unassigned
1475147,373349489,"$33,432.82 ",12/19/2019,Hydrocharitaceae,S,underwater,reinstated
1174211,75173851,"$94,899.24 ",6/22/2019,Saxifragaceae,B,wilderness,perceiving
9138058,967548840,$536.01 ,5/6/2019,Poaceae,B,flannelled,celibate's
3303977,391084159,"$16,854.38 ",7/19/2019,Hydrophyllaceae,B,grouping's,pagination
8373047,805732879,"$87,751.48 ",6/13/2019,Fabaceae,S,micrometer,livelihood
9876,510886807,"$97,853.62 ",9/20/2019,Ericaceae,S,schooner's,condescend
8709863,289682831,"$64,751.39 ",6/22/2019,Ranunculaceae,F,coagulated,complained
7339731,266774227,"$59,331.00 ",5/24/2019,Campanulaceae,S,particle's,bullfights
8373810,254525440,$414.92 ,4/6/2019,Campanulaceae,F,retracting,hemisphere
4040989,185750665,"$98,032.64 ",4/19/2019,Sphinctrinaceae,F,disaster's,commando's
9427239,935122906,"$57,296.27 ",11/6/2019,Asteraceae,L,tourniquet,sabbatical
1975901,586036896,"$88,048.06 ",12/13/2019,Asteraceae,L,stranger's,accusation
1721433,580025428,"$81,557.94 ",10/28/2019,Apiaceae,B,upholstery,ungainlier
1356122,349962709,"$37,648.40 ",3/19/2019,Malvaceae,B,pestilence,limousines
336450,796805382,"$29,782.82 ",4/24/2019,Pottiaceae,B,outbreak's,explaining
6769482,939730055,"$53,425.37 ",8/18/2019,Scrophulariaceae,S,blueprints,disappears
5714095,421746439,"$8,604.45 ",3/23/2019,Peltigeraceae,B,lifetime's,noblewomen
6910218,26616929,"$49,883.32 ",5/16/2019,Polygonaceae,F,decrease's,sharpeners
1433656,646098283,"$75,449.75 ",8/24/2019,Parmeliaceae,S,returnable,catapulted
8919676,817801587,"$48,009.13 ",2/25/2020,Poaceae,F,hundredths,portraying
778508,375216577,"$92,256.48 ",9/2/2019,Polygonaceae,S,bedspreads,entrapping
7876356,743348916,"$97,602.58 ",4/15/2019,Hymenophyllaceae,S,elegance's,windowpane
9350356,592076552,"$93,960.50 ",12/17/2019,Papaveraceae,L,foodstuffs,forcefully
2653125,679381423,"$78,780.25 ",7/25/2019,Lamiaceae,F,blackmails,folklore's
2331528,457282587,"$54,343.19 ",9/7/2019,Asteraceae,F,telephoned,sharpeners
3652831,731623620,"$5,595.29 ",6/8/2019,Agavaceae,B,calculus's,overridden
1018306,416494105,"$98,377.68 ",6/27/2019,Grimmiaceae,B,motorbikes,regimental
7854427,662698372,"$40,177.10 ",6/26/2019,Trypetheliaceae,S,instigates,exuberance
2929396,123361153,"$57,993.63 ",7/29/2019,Loganiaceae,S,hallelujah,postmarked
1020830,562922011,"$43,529.81 ",2/2/2020,Polygalaceae,S,diagonal's,compassing
7338755,218698554,"$39,202.89 ",3/25/2019,Brassicaceae,L,combatants,cleanliest
1722983,881980627,"$18,541.59 ",10/21/2019,Polemoniaceae,F,overeating,mothballed
9445665,17472397,"$98,914.28 ",3/10/2019,Boraginaceae,L,disfavored,meddlesome
483324,545823721,"$13,357.38 ",10/8/2019,Lamiaceae,F,earthworms,padlocking
6752090,430385421,$347.97 ,12/30/2019,Rosaceae,B,contribute,inexorable
7534861,543161680,"$5,303.04 ",7/20/2019,Cactaceae,B,designer's,acclimated
9251690,756017465,"$24,544.83 ",4/5/2019,Asteraceae,S,warranties,squadron's
8346241,10503523,"$25,896.38 ",7/3/2019,Asteraceae,S,icebreaker,treasury's
5786809,141224506,"$36,049.44 ",11/11/2019,Poaceae,B,irrigation,improbable
235527,917446876,"$34,376.15 ",9/3/2019,Poaceae,B,conversing,footpath's
6329907,891863331,"$91,126.65 ",2/22/2020,Hydrophyllaceae,B,smallpox's,envelope's
7563463,10643864,"$41,555.39 ",7/6/2019,Acanthaceae,S,fraternity,throttling
4497743,29332521,"$16,320.33 ",10/4/2019,Pteridaceae,S,seasonings,meticulous
4823033,665320222,"$99,312.57 ",3/24/2019,Asteraceae,S,American's,permanence
8130663,15012049,"$46,189.05 ",12/28/2019,Polemoniaceae,S,atrocities,contradict
8845004,416837103,"$14,969.97 ",2/6/2020,Poaceae,S,flamingoes,ensemble's
9926431,460360229,"$32,097.91 ",11/23/2019,Asteraceae,S,consomm√©'s,italicizes
1539118,939794132,"$78,252.95 ",3/16/2019,Roccellaceae,S,enlistment,expediency
391325,880258423,"$86,117.17 ",9/11/2019,Polygonaceae,S,subjugated,cantaloups
7636138,472362555,"$61,275.07 ",4/4/2019,Acanthaceae,S,basketball,anticlimax
7399006,936688188,"$64,273.50 ",6/23/2019,Euphorbiaceae,F,bookshop's,confirming
7603461,64533520,"$81,392.93 ",8/19/2019,Arecaceae,S,greenbacks,abstinence
1674174,321881702,"$19,030.08 ",10/13/2019,Najadaceae,B,fireproofs,insinuated
587674,295889473,"$9,643.31 ",10/21/2019,Asteraceae,S,attentions,cassette's
6362449,78561830,"$74,561.37 ",9/7/2019,Asteraceae,S,resounding,psychiatry
1929179,98330370,"$82,049.13 ",2/1/2020,Saururaceae,S,desecrated,inveterate
5404616,219101311,"$90,887.05 ",6/26/2019,Asteraceae,S,enthusiasm,permanence
7520235,653032944,"$9,292.96 ",4/29/2019,Solanaceae,B,incestuous,coziness's
4783916,628110267,"$68,659.63 ",7/20/2019,Asteraceae,S,symphony's,federalism
983578,527302660,"$30,227.14 ",3/26/2019,Asteraceae,S,drawback's,marvelling
3441334,137796979,"$43,240.07 ",2/20/2020,Hydrophyllaceae,F,diagnosing,carriage's
2620647,367281042,"$13,645.64 ",3/29/2019,Stereocaulaceae,S,extraneous,stewardess
7394489,734611824,"$56,193.71 ",1/27/2020,Asteraceae,S,sequence's,converging
1536839,47070057,"$30,772.20 ",5/21/2019,Asteraceae,S,contraband,sketchiest
6625746,813979443,"$41,083.76 ",7/11/2019,Liliaceae,S,admonished,humanizing
2229384,128226334,"$72,606.66 ",2/16/2020,Rubiaceae,B,impregnate,clemency's
2240549,43424364,"$26,105.24 ",12/23/2019,Fabaceae,F,bandstands,transition
4407511,591416965,"$2,934.17 ",11/25/2019,Fabaceae,S,inflection,abscessing
4474284,316552329,"$89,812.55 ",8/12/2019,Asteraceae,S,pentagon's,tormenters
5370828,289193702,"$94,192.55 ",12/16/2019,Polygonaceae,B,executions,fortress's
9125519,469737442,"$16,427.90 ",2/7/2020,Brassicaceae,S,brandishes,refereeing
4964784,495266070,"$2,026.06 ",4/20/2019,Moraceae,F,assurances,circulated
4256858,799227135,"$82,167.03 ",12/27/2019,Poaceae,L,warranties,informants
8094788,45062978,"$54,146.67 ",12/26/2019,Fabaceae,F,singular's,entrails's
3196912,8476759,"$60,406.68 ",7/18/2019,Fagaceae,S,pushover's,antagonism
5981447,150035426,"$6,680.25 ",3/3/2019,Bacidiaceae,S,increasing,remainders
1324337,77905006,"$29,895.57 ",12/16/2019,Poaceae,L,commandoes,advocate's
7307735,428027341,"$14,137.45 ",10/25/2019,Hydrophyllaceae,L,debasement,sputtering
6100888,431326845,"$89,925.96 ",12/8/2019,Loasaceae,L,scribble's,ornamental
9691520,908396572,"$78,572.02 ",3/3/2019,Dicranaceae,L,disdaining,glamourous
40694,50441242,"$97,207.65 ",3/26/2019,Salviniaceae,L,chatterbox,discreeter
4133700,991925721,"$94,568.54 ",5/3/2019,Asteraceae,B,immorality,highbrow's
2824748,642698768,"$66,386.55 ",5/2/2019,Fabaceae,S,networking,betrayal's
191755,58490033,"$58,887.46 ",11/9/2019,Lamiaceae,B,teaspoon's,punishment
2277415,7753751,"$60,495.17 ",12/3/2019,Cucurbitaceae,B,divergence,horrendous
8517009,180085244,"$3,213.51 ",7/17/2019,Ericaceae,F,sergeant's,penicillin
1954666,567430760,"$52,696.18 ",4/16/2019,Amblystegiaceae,L,avaricious,engrossing
9031900,189644400,"$42,301.37 ",4/22/2019,Asteraceae,S,connectors,immaturity
5535951,424800106,"$68,231.77 ",2/9/2020,Asteraceae,L,deletion's,approached
7145864,737528989,"$55,443.59 ",7/24/2019,Grimmiaceae,B,humiliates,electronic
5315289,932652949,"$93,619.30 ",2/3/2020,Cyperaceae,B,neurotic's,wholesaled
2560662,852977074,"$53,935.42 ",1/31/2020,Liliaceae,S,condensing,investor's
4997235,361890500,"$32,558.23 ",3/16/2019,Rubiaceae,S,biologists,observer's
9930388,352345903,"$37,445.20 ",10/6/2019,Sterculiaceae,B,polynomial,misleading
8952907,301259948,"$32,538.77 ",11/6/2019,Buxbaumiaceae,L,intrusions,ramshackle
3760680,903607695,"$39,860.53 ",7/25/2019,Fabaceae,F,annoyances,bamboozled
1983803,928308460,"$29,403.99 ",9/29/2019,Ericaceae,L,luxuriates,percolates
2700712,564955067,"$59,018.37 ",5/28/2019,Agavaceae,S,whirlwinds,moderators
7261401,908412975,"$8,292.67 ",12/14/2019,Salicaceae,L,business's,morphology
5796899,561606917,"$33,350.68 ",5/1/2019,Asteraceae,L,antibody's,honeymoons
1997587,578851,"$30,820.05 ",9/6/2019,Lecideaceae,B,jeopardy's,increasing
9321232,206386830,"$11,541.20 ",3/28/2019,Campanulaceae,S,scribbling,politician
5026625,462408725,"$10,589.61 ",4/1/2019,Juncaceae,S,stairway's,mushroomed
6533473,898676021,"$86,195.47 ",12/22/2019,Hydrophyllaceae,S,redesigned,stabilizes
7604897,27500955,"$35,900.88 ",12/25/2019,Verbenaceae,S,concession,infuriated
2103429,999433765,"$20,017.40 ",10/15/2019,Capparaceae,S,empowering,outbreak's
5486802,968258432,"$40,508.41 ",6/4/2019,Polemoniaceae,S,repetition,contenting
1639670,761845239,"$83,555.25 ",11/30/2019,Teloschistaceae,F,elephant's,gravelling
3192293,781914905,"$62,486.85 ",7/6/2019,Apocynaceae,B,flourish's,stairway's
3660172,857240630,"$81,703.70 ",3/6/2019,Pteridaceae,S,harmonized,employee's
1017920,839399263,"$62,882.86 ",4/10/2019,Liliaceae,S,coarsening,concerning
5934284,569203189,"$18,565.03 ",5/30/2019,Fabaceae,S,witticisms,contiguous
7707159,5687485,"$75,576.07 ",8/29/2019,Euphorbiaceae,S,election's,cantaloups
809478,950609525,"$41,233.34 ",3/25/2019,Asteraceae,S,disciple's,attracting
3633749,250077157,"$25,094.73 ",2/26/2020,Pinaceae,S,reconsider,transients
3160293,825937795,"$84,128.38 ",5/30/2019,Asteraceae,B,providence,turtleneck
1978022,371128889,"$24,786.15 ",9/11/2019,Fabaceae,B,magician's,catcalling
4286809,481269552,"$94,907.06 ",7/11/2019,Buxbaumiaceae,S,admonition,preferring
2424857,1269966,"$66,182.63 ",11/8/2019,Plantaginaceae,S,paraplegic,frequently
8774500,431800734,"$30,489.22 ",3/16/2019,Sapotaceae,S,sororities,premiering
4511968,225440868,"$40,226.84 ",12/15/2019,Fabaceae,S,annexation,soliciting
6032981,217799379,"$32,001.04 ",1/9/2020,Rosaceae,B,jettison's,television
6413850,441091859,"$38,997.41 ",4/23/2019,Rhizocarpaceae,S,interferes,abolishing
5213659,574600993,"$15,799.88 ",6/11/2019,Cyperaceae,S,abrasive's,saturation
3481580,817241497,"$85,973.27 ",10/20/2019,Brassicaceae,S,postmaster,flimsiness
