361474754-9,Die Hard: With a Vengeance,Gaven Batchellor,99
433042491-6,Watching the Detectives,Melvin Becerra,45
189187121-8,"Charlie Brown Christmas, A",Irwin Eastwood,36
037935855-7,Promises,Brooke Trudgeon,74
583915682-5,Fantomas Unleashed,Penni Perin,29
402788601-1,Night at the Museum: Battle of the Smithsonian,Fields Rosenblath,89
254573326-1,Kanal,Brock Oyley,51
548031462-9,Jasminum,Roxane Neicho,18
574346892-3,Coco Chanel & Igor Stravinsky,Dacia Whannel,12
817914017-2,War of the Worlds,Nathanil Davitti,33
698398462-5,"Snow Queen, The (Lumikuningatar)",Owen Spacey,60
940997815-7,"Pepi, Luci, Bom (Pepi, Luci, Bom y Otras Chicas del Montón)",Farrell Instock,27
275525155-7,Love and Honor,Frederich Neenan,16
182266252-4,Ragnarok,Aubert D'Ambrosi,22
122007978-2,Fanboys,Sigismund Harnell,88
724849141-1,"Day Lincoln Was Shot, The",Rutter Stubbings,76
549197567-2,Nothing's All Bad,Brigham Goose,54
073171715-5,Body Bags,Cammie Palphreyman,82
366612741-X,Goya: Crazy Like a Genius,Chet Tointon,61
509315780-5,Disaster Movie,Merrick Jonas,68
212782082-7,The Court-Martial of Jackie Robinson,Cherin Figura,36
423454370-5,She Gods of Shark Reef,Margalit Eveling,38
337067693-1,"Immortals, The",Kara Iskow,76
379605523-0,Game 6,Jakob Mottershead,32
546728554-8,La Legge Violenta Della Squadra Anticrimine,Laurianne Covendon,34
389042710-3,Jackboots on Whitehall,Elizabeth Walling,37
654929759-1,The Connection,Dorita Birbeck,15
423104058-3,Chain Reaction,Jaquenetta Pinshon,69
921842448-3,Legend,Joy Kinney,15
860421123-3,Sydney (Hard Eight),Giavani Winckles,98
131240857-X,Isi & Disi: Amor a lo bestia,Pepita Tackes,37
856341269-8,"Song for Martin, A (Sång för Martin, En)",Norina Probate,96
459006920-2,Moby Dick,Lenci Kintish,47
785425541-5,After the Sunset,Dennis Aslam,11
341687600-8,Living in Oblivion,Benedetta Hultberg,68
180226034-X,"Tall T, The",Hilary McCarver,10
903049614-2,Moonrise Kingdom,Adelaide Schlagh,43
864659307-X,"Return of the Musketeers, The",Derick Alldred,67
125357537-1,"Song of Ceylon, The",Thomasina Learoyde,66
693539144-X,A Year Along the Abandoned Road,Marchelle Friar,35
023335985-0,Summer Things (Embrassez qui vous voudrez),Cchaddie Tassell,73
711801009-X,Teddy Bear (Mis),Esdras Gerren,07
024344612-8,"Four Feathers, The",Ilene Vaux,69
390571727-1,Nightcap (Merci pour le chocolat),Myles Royson,68
975686689-6,To Catch a Thief,Margie Welford,42
175858047-X,Great Balls of Fire!,Yolanda Paz,77
159918737-X,Last Night,Tobit Shippard,63
687150745-0,Lock Up,Cchaddie Marns,87
728901730-7,"Blossoming of Maximo Oliveros, The (Ang pagdadalaga ni Maximo Oliveros)",Zelma Howle,63
571890526-6,Designing Woman,Vidovic Hobell,88
618024047-7,Giants and Toys (Kyojin to gangu),Kristen Bidnall,13
843954198-8,Lisbon Story,Krishnah Maunders,63
680851577-8,Molokai (Molokai: The Story of Father Damien),Edith Gye,29
839276819-1,Hell Town (Born to the West),Grace Tretwell,42
474431544-5,Baby Boom,Ros Ensten,15
293905227-1,"Player, The",Sky Kapelhoff,77
747422883-1,Smokers Only (Vagón Fumador),Abdel Stayte,87
095716151-4,Taxi,Karina Poundesford,94
108487565-9,Lebanon,Farlie Turmel,69
618078342-X,They Came Together,Nevin Maylott,61
791394964-3,Jive Turkey,Euell Fairchild,11
301688967-6,Once Upon a Time (Der var engang),Jarrett Barhims,88
373314087-7,Driving Lessons,Querida Kerford,78
552391582-3,Stay Cool,Drake Gladman,49
023244069-7,Misery,James Cronshaw,82
823692417-3,Street Fighter II: The Animated Movie (Sutorîto Faitâ II gekijô-ban),Jeromy Walbrook,38
940777267-5,Pinocchio and the Emperor of the Night,Gerry McQuilkin,10
511870048-5,Nobody's Children (I figli di nessuno),Starla Guerrin,21
696329439-9,Kindergarten Cop,Lynnet McKinnon,83
817270542-5,Long Day's Journey Into Night,Stephie Berthomier,74
903135339-6,Arachnoquake,Lesya Succamore,93
008986426-3,Venus Wars (Venus Senki),Reggis Athridge,93
943172502-9,We Are Young. We Are Strong.,Miguela Sellwood,61
461409350-7,"Vodka, Mr. Palmu (Vodkaa, komisario Palmu)",Lemmy Millery,16
424639955-8,L.I.E.,Paxton Chestney,12
435588596-8,"Pom Poko (a.k.a. Raccoon War, The) (Heisei tanuki gassen pompoko)",Dalton Scohier,90
773169916-1,Lured,Kimberlyn Vasyunin,65
080635211-6,Everything,Ketti Tankus,44
091549938-X,Oculus,Lea Brownjohn,16
923862092-X,Inland Empire,Aubrie Mudd,57
019563058-0,Weekend at Bernie's II,Minny Abells,47
791218189-X,Unconquered,Josh Addams,87
991108153-2,"Message from Akira Kurosawa: For Beautiful Movies, A (Kurosawa Akira kara no messêji: Utsukushii eiga o)",Elysia Schonfeld,04
066133219-5,Just Another Love Story (Kærlighed på film),Ronna Sandry,62
278203973-3,Season of Monsters (Szörnyek évadja) ,Filberto Meffan,42
090017507-9,Kocken,Misti Firle,06
785310171-6,"Nights of Cabiria (Notti di Cabiria, Le)",Ange Messenger,33
721551680-6,Knock on Wood,Romain Hurst,79
824683087-2,"Carter, The",Matthieu Franzonello,33
036376829-7,Fallen Art (Sztuka spadania),Carry Marfell,21
753112283-9,I'll Be There,Carlene Havis,63
986019355-X,The Facility,Merrili Rowston,64
302213953-5,Undertaking Betty (Plots with a View),Nial McClosh,52
020049384-1,"Imaginarium of Doctor Parnassus, The",Pasquale Daughton,60
555398017-8,American Graffiti,Claudine Goldberg,61
855466465-5,To Catch a Thief,Hildagarde Titley,79
388523167-0,Stonehenge Apocalypse,Cecil Ryles,71
913399729-2,Logan's Run,Paula Drust,89
986591188-4,"Boys and Girls Guide to Getting Down, The",Odessa Dunsire,84
010896621-6,Amadeus,Lyn Islep,62
562773400-0,Flashpoint,Alexa Domino,90
658435697-3,"Greatest Show on Earth, The",Skip Oxley,11
376072245-8,Batman Returns,Genovera Jolin,73
323119332-X,Minnie and Moskowitz,Frederique Martt,82
848705349-1,Today You Die,Alexandrina Stuchbery,23
637732461-8,College Road Trip,Myrta Baversor,44
082157014-5,"Yellow Cab Man, The",Lorelle Wondraschek,64
013587693-1,Seems Like Old Times,Lissy Fritschmann,87
210534274-4,"Train, The",Enrique Francey,49
033184728-0,Almost Famous,Shelba Elverstone,22
117081164-7,"Last Real Men, The (Die letzten Männer)",Ninnette Warlaw,87
079750261-0,I Bury the Living,Lark Tutill,48
531482273-3,"Last Call, The (Tercera Llamada)",Griffin Hollingby,54
366454424-2,"Last Witness, The",Gretchen Brimmicombe,91
819641495-1,Aaja Nachle,Liz Gronno,29
409323164-8,Il fiore dai petali d'acciaio,Roddie Elies,48
030112397-7,"Party, The",Jocelin Springate,54
744431136-6,Adopted,Bond Mariel,22
639778200-X,3rd World Hero (Bayaning Third World),Estell Hamer,47
668671685-5,Buffy the Vampire Slayer,Maryanna O'Doherty,97
684679324-0,"Bridge, The",Rafe Dochon,51
627577699-4,"Expendables 3, The",Davin Bloan,48
226607743-0,"Odds, The",Norris Kierans,77
764461485-0,"Boondock Saints II: All Saints Day, The",Monah Clubb,85
073187223-1,Wrong Turn,Fanni Luce,60
991350490-2,"Million Dollar Duck, The (a.k.a. $1,000,000 Duck)",Ollie Euels,44
686750425-6,Last Stop for Paul,Thorny Fraczak,89
531494252-6,Less is More (Menos es más),Aylmer Averall,21
707594978-0,Girl Most Likely,Mari Harmson,02
203903356-4,Simon,Bo Punyer,26
808829655-2,Thousands Cheer,Rois Helliar,24
902702465-0,"Dinner, The (Cena, La)",Amalie Mingo,80
557332668-6,The Kingdom of Dreams and Madness,Ferne Olyff,86
114407192-5,Montana,Lanny Buckingham,10
313901447-3,"Debt, The",Frieda Jenkins,30
154238242-4,"Servant, The",Granthem Farrow,89
755491735-8,Map of the Sounds of Tokyo,Bent L' Estrange,64
616430218-8,"Surrender, Dorothy",Nero Spiring,34
860712693-8,Alla älskar Alice,Celie Mushart,41
110330295-7,Grimm Love (Rohtenburg),Kile Peto,37
885134791-3,"Bell for Adano, A (John Hersey's A Bell for Adano)",Nels Guilayn,33
577336844-7,"Ultramarathon Man: 50 Marathons, 50 States, 50 Days",Korey Gimenez,06
291259889-3,Scorching Winds (Garm Hava) (Garam Hawa),Norrie Grigg,17
123904308-2,Interrupted Melody,Paige Rodden,21
243064829-6,Four Rooms,Kristina Tunno,64
230858154-9,Fubar II (Fubar: Balls to the Wall),Amii Kernermann,00
763954648-6,"First Case, Second Case (Ghazieh-e Shekl-e Aval, Ghazieh-e Shekl-e Dou Wom)",Vivi Camoletto,63
594543354-3,The Inner Circle,Aime Croster,80
899225690-6,"Cowboy and the Lady, The",Lamond Dellit,73
872797393-X,Flight,Marybelle Neighbour,53
035424849-9,"Travelling Players, The (O thiasos)",Andy Trimmell,37
958678658-7,"Along the Great Divide (Travelers, The)",Demetris Lafay,30
396175991-X,Yeti: The Giant of the 20th Century,Finn McQuorkel,40
599858879-7,"Scalphunters, The",Andy Apfelmann,36
100273134-8,$ (Dollars),Nickey Stoggell,52
770281890-5,Chinese Roulette (Chinesisches Roulette),Albrecht Nabarro,79
246553042-9,Skokie ,Clarance Thomson,31
674815546-0,Ed Hardy: Tattoo the World ,Anya Lavalle,31
089177125-5,Vares: Private Eye (Vares - Yksityisetsivä),Joli Behrendsen,40
541180501-5,"Common Thread, A (a.k.a. Sequins) (Brodeuses)",Fey Fulcher,11
009534996-0,Central Station (Central do Brasil),Carlye Gittis,78
098179464-5,Don Verdean,Halli Dellar,02
537210287-X,"Sentimental Swordsman, The (To ching chien ko wu ching chien)",Gerda Broadwell,32
509131163-7,Ice Age,Iago Hoys,65
768403734-X,Ali: Fear Eats the Soul (Angst essen Seele auf),Berri Guilford,42
316475125-7,Star Trek III: The Search for Spock,Harrietta Cruickshanks,66
978611846-4,"Hole, The (Dong)",Kele Lemonnier,87
266302266-7,End of the World,Sidonia Karp,43
303711762-1,"Song of Ceylon, The",Teri Paxforde,48
662995089-5,Once a Thief (Zong heng si hai),Giffy Jeskins,90
227795597-3,Mischief,Gav Darbon,45
415159518-X,The Expelled,Lorri Clausen,34
756172117-X,"Silent House, The (La casa muda)",Isa Tremain,95
824207042-3,Neon Genesis Evangelion: Death & Rebirth (Shin seiki Evangelion Gekijô-ban: Shito shinsei),Melisse Van Eeden,81
405098862-3,Mickey's Once Upon a Christmas,Ethelbert Purser,07
373985708-0,"Notebook, The",Ashien Batterton,32
231394587-1,"Ten Commandments, The",Ingra Packington,38
809783270-4,"Temp, The",Roxana Simondson,53
825605574-X,Desert Bloom,Constantine Sutherby,62
338534344-5,Eggs,Idette O'Corrigane,11
517126319-1,Chandu the Magician,Bertie Keijser,16
086116010-X,That Old Feeling,Edyth Dunkirk,92
688274364-9,Paper Lion,Finn O'Sherin,68
351818976-X,Dinosaur,Rochester Knoller,68
544511443-0,Fighting Elegy (Kenka erejii),Vincenz Leadbetter,75
310295319-0,Seance on a Wet Afternoon,Harv Lutz,93
699032176-8,"Monkey's Paw, The",Florenza Critchell,36
291978907-4,By the Pricking of My Thumbs (Mon petit doigt m'a dit...),Marcello Glynne,70
945936242-7,Seven Ways from Sundown,Kellie Linke,34
432618219-9,Autopsy (Macchie Solari),Mel Penning,29
795160438-0,Chinaman (Kinamand),Kristofor Haseley,70
411263529-X,Cane Toads: The Conquest,Thor Spragge,42
565116512-6,Footnote (Hearat Shulayim),Daloris Heck,85
533948662-1,Socialism (Film socialisme),Jarrod Beccles,54
807832380-8,Casablanca,Gannon Dieton,58
847023888-4,All Dogs Go to Heaven 2,Thayne O'Donohue,32
374265371-7,After the Life,Marika Vail,92
694733789-5,Resident Evil: Afterlife,Bunnie Simukov,05
313064062-2,T-Men,Drugi Kruger,98
359057853-X,Hell's Angels,Cora Halwell,88
152668681-3,Without a Paddle,Pacorro Smiths,98
590039434-4,One Flew Over the Cuckoo's Nest,Galvan Sturror,07
892324295-0,Smooth Talk,Jobye Sidlow,28
536290064-1,Three Faces East,Consolata Pyle,96
525109064-1,Where the Sidewalk Ends,Cassey Shailer,21
841039030-2,Choose Me,Curr Loren,85
548082797-9,The Perfect World of Kai,Tobie McCluskey,58
485486743-4,John Adams,Pamela Maciejak,37
329348709-2,The Well,Hermia Tatterton,38
188520958-4,Benji,Chiquia Botterell,28
382769443-4,Phantom (O Fantasma),Leigh Bootherstone,66
429313457-3,Finding Fela!,Bobbie Hurl,28
145892380-0,"Wounds, The (Rane)",Tandie Neem,93
854113002-9,Üvegtigris,Arthur Bartos,81
434616208-8,"Pianist, The",Isidor Edess,34
685677681-0,"I, Madman",Marney Verling,23
778967930-9,Until September,Nefen McGlaughn,98
044538061-6,"Walk Among the Tombstones, A",Archer Skones,98
109565524-8,These Three,Coleen Botten,73
346209453-X,Louis Theroux: Law & Disorder,Ania Culleford,37
729376549-5,"Descendants, The",Troy McShirrie,84
874909583-8,Safe Passage,Alli Wegman,06
055125452-1,By the Gun,Pam Macura,52
121820541-5,Back to the Future Part II,Ardelia Phebey,67
467663701-2,Kawa,Pia Dunning,86
761019633-9,"Sport, Sport, Sport",Sheree Boxen,57
131082023-6,Every Girl Should Be Married,Matthiew Barbey,50
869683433-X,"Game of Death, The (Le Jeu de la Mort)",Claire Leary,31
818858129-1,Menace II Society,Grenville Smuth,89
381745338-8,Captain Kidd,Dolorita Archambault,09
800736960-0,Autism: The Musical,Gennifer Seman,36
956250849-8,Pelle Svanslös,Forrester Carefull,25
084364802-3,"Dream Team, The",Gipsy Whales,02
170524690-7,"Sea Gull, The",Cordula Farfoot,72
585403220-1,Stolen Kisses (Baisers volés),Dene Gindghill,25
993169250-2,Hannie Caulder,Harmonie Groucock,87
251472276-4,Coco Chanel & Igor Stravinsky,Randall Berka,41
825386035-8,Memories of Murder (Salinui chueok),Jacob Mountford,07
864207622-4,"Man on the Roof, The (Mannen på taket)",Halli Conlaund,80
563139854-0,My Friend Ivan Lapshin (Moy drug Ivan Lapshin),Krissy Beathem,90
421266269-8,Tartuffe (Herr Tartüff),Karyn Hanshawe,52
111357233-7,Gentlemen Prefer Blondes,Babs Shottin,42
225597324-3,One Step Ahead of My Shadow,Felicio Ilyin,16
508839759-3,"Look of Love, The",Wilmar Ianno,37
334214441-6,Gran Paradiso,Jeremy Milverton,25
109300947-0,"Details, The",Glynn Everix,91
062483335-6,Die Weihnachtsklempner,Albie Gow,25
272696193-2,"Devil at 4 O'Clock, The",Margie Glancy,92
679626449-5,Seven Ways from Sundown,Gardy Cossentine,39
893543395-0,The Wrecking Crew,Harriette Clausewitz,85
897500723-5,Taken 2,Ulla Portriss,88
793365440-1,"On Guard (Bossu, Le)",Erroll Schnieder,93
564257407-8,My Sister Eileen,Herman Skirling,57
282448960-X,Down and Derby,Adella Harty,55
622901038-0,Detropia,Daniele Ginnety,26
464347761-X,The Winslow Boy,Kendell Phorsby,73
393137829-2,Most Likely to Succeed,Simonette Kelloch,98
728227594-7,Farce of the Penguins,Malcolm Clausner,70
744964440-1,Tony Arzenta (No Way Out) (Big Guns),Opaline Heninghem,53
017363169-X,Who's the Man?,Beauregard Bonafant,59
172440693-0,August,Gay Morfield,06
713718903-2,"Devil and Max Devlin, The",Waldemar Fillery,16
278880002-9,Doomwatch,Jasper Hundey,68
927950183-6,"Object of My Affection, The",Catherin Soulsby,60
893189028-1,"Goodbye, Columbus",Oren Girsch,90
300754383-5,Lincoln,Ward Ivic,95
557050270-X,"Funeral, The",Fredelia Aimable,19
754969565-2,"Man, The",Luci Kleynermans,31
077893886-7,"Unborn, The",Dotti Fetters,15
409239667-8,Pillow Talk,Lillian O'Fielly,42
567899084-5,Wilbur Wants to Kill Himself,Kelbee Cristofvao,21
481399569-1,"Pride and the Passion, The",Adaline Daly,81
295345493-4,Soundtracker,Dulcy Jeannot,91
373772081-9,Chronicle of the Years of Fire (Chronique des années de braise),Dieter Goodreid,43
961895782-9,Attack of the 50 Ft. Woman,Guy O'Mullaney,98
328111994-8,Forgotten Silver,Jannelle Critoph,68
891715292-9,Shirin in Love,Daffie Gatecliff,80
272424825-2,Moonstruck,Martynne Zum Felde,73
006153593-1,3 Ninjas: High Noon On Mega Mountain,Judon Stiller,48
506793188-4,Addams Family Values,Ania Batistelli,54
843510080-4,Confidentially Connie,Neille Antcliff,95
901269695-X,"Hard Day's Night, A",Antoinette Toby,50
073402997-7,Welcome to Macintosh,Callean Keer,12
339416427-2,The Seven-Ups,Briggs Ivanikov,13
125897433-9,Mentor,Penelopa Shervil,23
160661068-6,Mugabe and the White African,Lorne Jaye,97
463301581-8,Passionada,Candace Macek,19
667817384-8,Thirst (Pyaasa),Kass Gerok,46
195595393-7,Looking for Maria Sanchez,Kalinda Firbanks,16
804371161-5,Oblivion Island: Haruka and the Magic Mirror (Hottarake no shima - Haruka to maho no kagami),Elmore Pirelli,10
168463568-3,"Sign of Leo, The (Signe du lion, Le)",Theodosia Petrak,19
376045346-5,"Brony Tale, A",Shaw Jepperson,76
236077873-0,Andrew Dice Clay: Indestructible,Ches Swindells,94
733121181-1,"Man from Planet X, The",Eamon McCane,04
155543863-6,"Woman in Red, The",Fred Czaple,05
917667277-8,Highway 61,Janeen Mulligan,86
766321579-6,Fugly!,Lynnet Tarr,29
420347107-9,"Home of Dark Butterflies, The (Tummien perhosten koti)",Jade Juggins,41
494547311-0,Conserva Acabada,Lavena Tomaszewski,75
344069201-9,"Other Sister, The",Baxy Penk,80
597317370-4,"Left Hand of God, The",Sig Roubay,77
829801936-9,"Flight of the Phoenix, The",Meredith Dunridge,38
592063171-6,"Signal, The (Señal, La)",Penrod Loney,24
373826379-9,"Glass Key, The",Trula Gieraths,10
994554524-8,"Ron Clark Story, The",Rozanna Rushford,91
601782833-9,"Cab for Three, A (Taxi para tres)",Carlyn Villa,87
040474688-8,Cain and Mabel,Peter Dansey,85
317890063-2,Bangkok Dangerous,Selle Pettis,83
208414054-4,Toy Story,Karylin Dumbell,61
412761436-6,Brief Interviews with Hideous Men,Asher O'Cosgra,12
753176695-7,Gate of Flesh (Nikutai no mon),Corissa Joselin,65
425189534-7,"Kid for Two Farthings, A",Raeann Oakton,36
892755527-9,Ride Lonesome,Alis Zanetto,81
093907354-4,"Billy Two Hats (Lady and the Outlaw, The)",Blair Neljes,39
132459544-2,"Fairly Odd Christmas, A",Dosi Pauleit,35
997441776-7,In Old Arizona,Ashly Gunn,28
248577525-7,Mirrors,Gardiner Gaitley,63
992322138-5,Bad Girls,Eulalie Kolak,56
742533201-9,Into the Woods,Jeff Midghall,85
396756086-4,Finding Neverland,Rosette Eckery,46
017664288-9,Time Out (L'emploi du temps),Howey Mattisson,97
453656006-8,"Last Drop, The",Corry Adamo,48
284981333-8,"Human Condition I, The (Ningen no joken I)",Pooh Lewington,84
053368082-4,Romeo and Juliet,Hector Bernetti,50
262045964-8,Jekyll & Hyde... Together Again,Lesly Folker,28
896550683-2,Samsara,Gipsy Benjefield,09
691663445-6,Bird on a Wire,Fawn Emptage,64
193958932-0,"Little World of Don Camillo, The (Petit monde de Don Camillo, Le)",Berti Firsby,59
363183921-9,Take the Money and Run,Humberto McQuirter,47
425714855-1,"Give 'em Hell, Malone",Cloris O'Reilly,65
315116256-8,Panther,Iris McAnellye,96
911400610-3,Sarah Silverman: Jesus Is Magic,Truman Maskell,63
075611362-8,Camp,Rowen Rothon,86
563649345-2,Stop at Nothing: The Lance Armstrong Story,Rachel Tuma,95
321465631-7,Class of 1999,Eadmund Silley,76
446249355-9,Journey to the Beginning of Time,Wolfy Beake,59
298156513-3,Machine Gun Kelly,Nadya Chubb,93
412682817-6,Conquest of Space,Monique Larrie,63
821475666-9,Visions of Light: The Art of Cinematography,Nobie Hoovart,67
804124028-3,The Brass Legend,Mal Pavlenkov,11
638555656-5,Chronicles (Crónicas),Isacco Kurt,01
603455723-2,Up Close and Personal,Evvy Manolov,75
264115967-8,Con Air,Selig Plimmer,06
880106960-X,"Wave, The",Paddy Beetles,18
722442818-3,"Cat Concerto, The",Mela Powys,81
026676027-9,Marlowe,Calla Collingworth,60
645503071-0,My Stars (Mes stars et moi),Janifer McCambrois,71
846366684-1,Come Live with Me,Barrett Gosz,83
109624487-X,"Cairo Station (a.k.a. Iron Gate, The) (Bab el hadid)",Carlen Burrel,34
317799580-X,"Fighting Temptations, The",Pauli Popov,28
067696340-4,Happily N'Ever After,Fay Zealy,01
014462776-0,"Common Wealth (Comunidad, La)",Phyllys Fforde,39
507420986-2,Spark: A Burning Man Story,Skell Arnfield,50
626790794-5,The Raid: Redemption,Moria Keuning,98
693936296-7,Randy and the Mob,Barrie Pincott,04
277348634-X,The Man in the Orange Jacket,Bear Follett,57
024728630-3,Pitfall (Otoshiana),Gelya Currier,08
623921611-9,Holiday Wishes,Horten Bendel,54
451725087-3,Corn Island (Simindis kundzuli),Carmelita Esgate,74
821877422-X,Appaloosa,Hi Ironside,90
526675792-2,Runaway Bride,Boony Mafham,05
959169545-4,Legacy of Rage,Maddie Annon,42
722520617-6,All in a Night's Work,Casey Rushmer,36
055279434-1,Shake Hands with the Devil,Mia Skellion,36
118632905-X,Stowaway,Selina Stares,31
347350182-4,Blood Feast,Britt Daffey,58
618917921-5,Defendor,Deloria Bundock,96
977269975-3,Partly Cloudy,Chaunce de Guise,72
377159560-6,Dinner Rush,Dudley Sare,32
803267235-4,Bobby,Janella Acklands,45
208965736-7,My Bollywood Bride,Gasparo Colt,39
253716622-1,Price of Glory,Raffarty Ewestace,09
016539255-X,"Scapegoat, The",Berrie Tellenbrok,31
665675621-2,Jack Ryan: Shadow Recruit,Sanson Treadwell,01
370137094-X,Wend Kuuni (a.k.a. God's Gift),Kaja Duck,25
895833714-1,"Clonus Horror, The",Alejandra Castille,97
781858692-X,Mark of the Vampire,Rab Parradye,91
370144197-9,"Brony Tale, A",Hetti Spray,96
061547917-0,"Last of England, The",Gretel Desson,65
058975478-5,Machete Kills (Machete 2),Issy McCrae,30
817641960-5,Three Came Home,Grier MacAlaster,72
666345912-0,Star Wars: Episode I - The Phantom Menace,Risa Jeaneau,10
163537950-4,Louis C.K.: Oh My God,Nev Hartlebury,67
638769023-4,She's So Lovely,Perle Rouse,80
225058548-2,Finder's Fee,Jarvis Stathers,93
271713899-4,Aimée & Jaguar,Benedicto Jenney,10
260325324-7,Starting Out in the Evening,Giordano Brockest,67
401866317-X,"Moon Is Blue, The",Gael Fernehough,40
210450882-7,Camp,Archy Broadnicke,59
240654662-4,New Orleans Uncensored,Paloma Handrock,69
604778651-0,Songs My Brothers Taught Me,Zia Daykin,89
530441729-1,Flywheel,Jade Vanes,71
158317839-2,"Enigma of Kaspar Hauser, The (a.k.a. Mystery of Kaspar Hauser, The) (Jeder für sich und Gott Gegen Alle)",Prudence Cromley,26
983922618-5,Beyond the Rocks,Georgi Dobrowolny,31
353751323-2,A Patriotic Man,Steffie Causton,64
886644742-0,"Cold Light of Day, The",Tilda Juschke,16
225382775-4,"Hitch-Hiker, The",Gottfried Baldassi,69
591142899-7,Coronado,Ted Bill,33
438008270-9,El Hada Buena - Una Fábula Peronista,Mariette Ghidelli,43
006719918-6,Tyler Perry's A Madea Christmas,Bord Gomersall,11
270554798-3,Franklyn,Ediva Fine,36
904641492-2,Barefoot Gen (Hadashi no Gen),Omero Thorius,73
386214700-2,Triple Agent,Dulcy Bissill,71
255774535-9,Deadly Blessing,Ram Halbert,18
632351361-7,Dark Skies,Dinny Duran,33
439730599-4,The Reunion,Piotr Hassin,94
627868933-2,Gosford Park,Jolyn Dunley,16
275013330-0,Scary or Die,Lyn McReedy,07
505120167-9,Sex and the City,Shelley Asker,89
828281582-9,54,Chevalier Baggaley,16
375512751-2,"Star Is Born, A",Marissa Molder,49
449389330-3,Inspector Palmu's Error (Komisario Palmun erehdys),Almeta Ghiron,36
178515476-1,Aladdin and the King of Thieves,Belicia Mallatratt,70
311716614-9,Touch of Evil,Kermie Shardlow,54
389313545-6,Jo Pour Jonathan,Paulie Hastewell,02
855305097-1,"Fallen Sparrow, The",Kelwin Moroney,54
296457640-8,Planet 51,Rodi Borlease,17
328552058-2,Independence Day (a.k.a. ID4),Roobbie Mertin,90
853842771-7,Father of Invention,Hale Huckin,54
939868007-6,Creep,Colver Sidlow,03
551372963-6,White Christmas,Arlie Edge,11
452590138-1,We Are Marshall,Sheila Croom,19
528476082-4,Taming the Fire (Ukroshcheniye ognya),Dunn Cabrer,80
265398551-9,Fog City Mavericks,Valerye Mebius,31
114664868-5,Halloweentown High,Jermayne Northam,19
974494350-5,Lemmy,Felicity Starkie,93
445556481-0,"Goodnight, Mister Tom",Orville Thorsen,91
114105129-X,What If... (An...),Jakob Bolt,01
589823447-0,Pecker,Madelyn McDool,29
298544556-6,Rollover,Franciskus Farebrother,13
503047131-6,It's a Wonderful Afterlife,Gisella Jerman,36
744804942-9,Murphy's War,Codie Fahy,26
640058811-6,"N Word, The",Kaia Cristofaro,97
766979986-2,Tales That Witness Madness,Roldan Ebourne,39
639551929-8,State Fair,Cordey Coulthart,28
564053169-X,Man on the Flying Trapeze,Fredrika Beevor,58
008414489-0,Zardoz,Dagny Baine,11
175033194-2,Altered,Roz Karp,78
547160355-9,Raising Helen,Sherill Payfoot,73
723432843-2,Electra Glide in Blue,Ward Lanfear,16
473216473-0,Endless Love,Carce Musicka,40
017022464-3,"Reluctant Fundamentalist, The",Mureil Maultby,72
736317712-0,Fanatics (Kulman pojat),Stanley Phripp,14
655455944-2,"Nun, The (La monja) ",Cassandre Reach,98
001837652-5,Ticket To Romance (En enkelt til Korsør),Free Lamplough,83
145067761-4,Protocol,Lucy Jacquemet,44
820573975-7,Curse of the Puppet Master (Puppet Master 6: The Curse),Gray Cremen,59
448991592-6,Caltiki the Undying Monster,Shane Senogles,28
562494298-2,Catch That Kid,Kile Cota,47
800834119-X,"Taste of Honey, A",Guthrey Feenan,74
305789433-X,Samurai Spy (Ibun Sarutobi Sasuke),Anastassia Beauly,16
533152636-5,"Barber of Siberia, The (Sibirskij tsiryulnik)",Karlens Underwood,43
517037675-8,"Indian Tomb, The (Das indische Grabmal)",Lindsy Zanneli,21
346371445-0,Listy do M.,Lauretta Georgeot,78
674604928-0,Forever,Ines Rangall,16
750731516-9,Tiptoes,Cosmo Snap,51
299940729-7,Tyler Perry's Madea Goes to Jail,Arny Espadas,57
382445852-7,Evita,Simona Habercham,32
358903787-3,Submarino,Esdras Bamlet,99
469811505-1,"Others, The",Beaufort Rapley,61
214053386-0,Snake River Desperadoes,Lotti Mooney,31
701280511-0,Kill Theory,Bentley Thow,47
050201076-2,Contract Killers,Georgianna Dobby,06
337091174-4,Revenge of the Ninja,Abrahan Kaemena,31
528915750-6,The Day I Saw Your Heart,Modesty Ranvoise,56
053226524-6,Russian Dolls (Les poupées russes),Mariana Balstone,20
863998493-X,"Legend of 1900, The (a.k.a. The Legend of the Pianist on the Ocean) (Leggenda del pianista sull'oceano)",Alida Abbotts,80
398238610-1,Dark Angel (I Come in Peace),Sheila Titt,14
671230984-0,Impulse,Marylinda Matkovic,26
227872829-6,Stand Up and Fight,Berkly Yude,76
072766011-X,"Grave Decisions (Wer früher stirbt, ist länger tot)",Myrta Watting,04
658270681-0,Heavy Metal in Baghdad,Joete Hasluck,10
046676272-0,Tepenin Ardi,Cinda Hefferon,64
190240266-9,Soldier of Orange (a.k.a. Survival Run) (Soldaat van Oranje),Chloe Bruff,81
955540078-4,Topaz,Ciel Finnigan,72
056384032-3,"Well Spent Life, A",Olag Shapcote,68
312374012-9,Junior Prom,Rodd Warratt,04
081505703-2,Mondo Hollywood,Jody Tedridge,25
033587324-3,Flesh & Blood,Ronnie Wooffinden,65
808672917-6,Kill Bill: Vol. 1,April Anand,52
893742763-X,"Truth of Lie, The (Die Wahrheit der Lüge)",Ange Raulin,72
134756990-1,Stranger in the House,Tore Geroldi,21
573660903-7,Night Train to Munich,Martino Matteris,98
998603723-9,Cold Storage,Arlie Haggata,47
251832813-0,Expired,Maudie MacGrath,26
023318799-5,San Pietro,Jeanine Hould,64
898672339-5,"Light at the Edge of the World, The",Maggi Deerness,17
391684779-1,Socialism (Film socialisme),Jonis Pulster,46
338417443-7,Off the Charts: The Song-Poem Story,Logan Crummey,41
903429323-8,Human Trafficking,Tamara Manilo,76
298337201-4,1969,Melisent Tobias,47
575555232-0,Who's the Caboose?,Yanaton Jeandillou,32
654755691-3,Man's Job (Miehen työ),Karlan Bysouth,07
300312093-X,Funny Farm,Trude St. Clair,93
968782410-7,"School of Flesh, The (École de la chair, L')",Casper Capron,97
641010485-5,10 to Midnight,Ingeborg Nitto,92
901931990-6,April Captains (Capitães de Abril),Abbe Walworche,81
855463573-6,"Kid & I, The",Tony Gye,94
902708003-8,"Adventures of Robin Hood, The",Gillie Gepp,15
060223427-1,Client 9: The Rise and Fall of Eliot Spitzer,Wenona Pithcock,92
181151856-7,Teddy Bear (10 timer til Paradis),Arlin Anthon,96
593636679-0,"Drive, He Said",Aloisia Hilhouse,61
102671312-9,Alone for Christmas,Verge MacGarrity,30
697000853-3,Leonard Cohen: I'm Your Man,Bale Duckinfield,53
326611665-8,Cheaper by the Dozen 2,Fred Aymer,95
130793840-X,18 Years Old and Rising (J'aime regarder les filles),Vitia Rennox,38
931611035-1,Werner - Volles Rooäää,Andrey Walewski,68
451185123-9,Shattered Image,Margarita Ferier,55
115659032-9,Heartbreak Hotel,Lori Knowlson,88
127946390-2,Yumeji,Chrotoem Iaduccelli,28
034329646-2,Meet the Spartans,Ginevra Saye,60
113405862-4,"Battle Creek Brawl (Big Brawl, The)",Catarina Mantripp,10
924655529-5,Fat City,Martha Spilsbury,50
550494052-4,"Ultimate Warrior, The",Rafa Kilshall,75
853261283-0,The Mummy's Shroud,Aimee Truscott,87
553276052-7,"Milky Way, The",Welsh Mosdill,05
378391838-3,"Maradona, the Hand of God (Maradona, la mano di Dio)",Consolata Cattlemull,52
167849472-0,Earth Girls Are Easy,Karoline Castagne,57
577638527-X,Dr. Goldfoot and the Girl Bombs (Le spie vengono dal semifreddo),Rahal Avramovitz,00
813887397-3,Stranger by the Lake (L'inconnu du lac),Ros Frogley,15
278865591-6,Murders in the Rue Morgue,Abramo Bordes,50
021614135-4,The Fault in Our Stars,Norma Arnaudi,26
815335699-2,Slumber Party Massacre III,Nonah Syms,04
814814232-7,Cowboys & Aliens,Meredith Dukes,39
727084699-5,Kikujiro (Kikujirô no natsu),Kerby Savell,38
741601315-1,"Curse of the Jade Scorpion, The",Blinni Crickmer,39
939817832-X,"Human Comedy, The",Barth Leeson,67
608764005-3,"Motorcycle Diaries, The (Diarios de motocicleta)",Bald Falcus,63
314797027-2,"Man with Two Brains, The",Jamie Edwin,30
597230700-6,"Shaggy D.A., The",Micah Nissle,24
336775845-0,Callan,Kattie Hansman,39
451474105-1,Wrong Turn 2: Dead End,Neysa Finden,73
909708343-5,"Fat, Sick & Nearly Dead 2",Francine Record,33
535828594-6,I Know What I Saw,Adrien Huggin,12
259012948-3,Alvin and the Chipmunks,Lotty Utting,52
923407789-X,Microphone,Elaina Beckham,03
644213059-2,"Thousand Acres, A",Montgomery Tollit,47
023856675-7,Tormento,Royall Biddlestone,36
172242835-X,Detective Story,Auberta Doorly,55
825226912-5,Monster in a Box,Russ Hearnshaw,96
506398787-7,Mark Twain,Israel Wemyss,12
658236336-0,Beyond the Fear,Barri Abramof,96
788985622-9,Mr. Magoo,Row Eyckelbeck,55
995933578-X,"Promise, The (La promesse)",Flor McMaster,15
655020420-8,Marie-Jo and Her 2 Lovers (Marie-Jo et ses 2 amours),Pincus Deverose,31
760395884-9,Johnny Got His Gun,Ashly Dunseith,44
012477264-1,Me and Orson Welles,Alana Mityukov,41
159106832-0,We're Not Married!,Ermengarde Kisting,61
396850959-5,Amsterdamned,Chas Bourrel,21
257869781-7,Atlantic City,Amos Jeffcock,72
846890677-8,Robin Hood,Aguistin Roblou,41
297954756-5,Dirty Money (Un flic),Lainey Westmancoat,41
564839874-3,Children of the Corn IV: The Gathering,Gale Huet,50
663386238-5,"Crouching Tiger, Hidden Dragon (Wo hu cang long)",Aime Manlow,10
440818292-3,Akira Kurosawa's Dreams (Dreams),Shem Conibere,92
282497734-5,National Gallery,Stacee Derks,96
759879992-X,"Sarah, Plain and Tall",Vera Mickleburgh,21
638236112-7,"Mirror, The (Ayneh)",Chrysler Boc,46
952400660-X,Santa's Slay,Josiah Syms,31
399855391-6,Waitress,Elmore Pitkins,33
492823427-8,"Devil, Probably, The (Diable probablement, Le)",Davin Belliveau,35
095396772-7,Tough Guys,Oates Vardy,35
694577290-X,Storefront Hitchcock,Godfrey Bruckstein,47
105754441-8,Countdown to Zero,Consuelo Hadlow,27
627187271-9,"New Country, The (Det nya landet)",Giulia Laite,05
105194959-9,"Chronicle of Anna Magdalena Bach, The (Chronik der Anna Magdalena Bach)",Angelika Whapple,04
238753274-0,Steal This Movie!,Bobette Van Castele,99
123410731-7,Family Guy Presents Stewie Griffin: The Untold Story,Dewain Josiah,78
191329895-7,Cargo,Sebastian Chaperlin,55
625809247-0,"Man with the Iron Fists, The",Farrand Gatley,21
620718432-7,Lianna,Gilli Brettle,00
665704223-X,Beautiful Boxer,Daniele Paule,95
804638498-4,Magnificent Warriors (Zhong hua zhan shi),Ruprecht De Coursey,75
313855437-7,Freedom Downtime,Aldric Pilkington,76
516247408-8,Nice Guy Johnny,Rey Ancketill,16
336147984-3,Torrente 2: Misión Marbella,Putnam Longthorne,44
842242533-5,Alligator,Lurette Yerborn,64
574056073-X,Général Idi Amin Dada: A Self Portrait (Général Idi Amin Dada: Autoportrait),Darrelle Wilce,98
922871699-1,Crocodile Dundee,Marjory Painten,22
627027535-0,"Fighting Sullivans, The (Sullivans, The)",Vale Iori,44
134804423-3,Vääpeli Körmy ja kahtesti laukeava,Worthington Argent,11
185886444-5,"Son of the Bride (Hijo de la novia, El)",Cher Neaverson,16
188738769-2,Night of the Demons 2,Elvyn Gregolin,98
191115737-X,Billy Jack Goes to Washington,Sydel Ganiford,31
936093864-5,"Keys to the House, The (Chiavi di casa, Le)",Joellyn Boecke,72
173341395-2,"Wrecking Crew, The",Judith McKew,93
298202339-3,Looking for Hortense (Cherchez Hortense) ,Karoline Vaar,47
650730274-0,U.S. Marshals,Althea Das,87
554686022-7,"Woman in the Fifth, The (Femme du Vème, La)",Meggi Kerrich,86
010421992-0,"Initiation, The",Conny Yewen,64
965148938-3,"New York Ripper, The (Squartatore di New York, Lo)",Gerta Reeme,96
624994611-X,"Day of the Triffids, The",Merline Fishpond,83
017053319-0,Dune,Jasen Strathearn,57
278146435-X,Making 'The New World',Ernesta Lapping,35
527868123-3,Veronika Decides to Die,Robyn Patifield,17
874256080-2,Tokyo Fist (Tokyo ken),Nesta Crinidge,68
170763009-7,Casanova,Tod Rodder,28
644860938-5,Slither,Kaila Fears,00
296675949-6,"Generation, A (Pokolenie)",Lyman Shyres,50
945190284-8,Coonskin,Glynda De Santos,79
152475768-3,Remarkable Power,Idelle Trittam,88
390507483-4,"Danse: The Paris Opera Ballet, La (La Danse - Le ballet de l'Opéra de Paris)",Irvin Braycotton,06
045979810-3,Possessed,Fancy Hartell,50
492397148-7,35 Up,Katrinka Skouling,26
538398339-2,Gretchen the Greenhorn,Gaile Rolles,33
173165948-2,Poolsite,Kessiah Potter,09
178481668-X,Ondine,Dianna Coney,97
518644801-X,Night of the Day of the Dawn of the Son of the Bride of the Return of the Terror,Worthy Ewdale,20
611348069-0,"Thank You, Mr. Moto",Lonni Bene,16
905461589-3,Some Days Are Better Than Others,Delmer Teasdale,53
911577773-1,Telling Lies in America,Pietrek Whitehurst,30
166506413-7,"Eye, The",Isidor Ferraron,56
599665556-X,"Unbearable Lightness of Being, The",Giselle Sasser,43
280264404-1,Bravo Two Zero ,Filippo Povey,23
333641789-9,Storm,Ly Simonutti,42
174686088-X,I-See-You.Com,Izabel Elgood,90
332952315-8,"Stepdaughter, The",Emmett Emmet,83
296659554-X,Batman Begins,Malcolm Kitchen,73
068750239-X,My Girl,Shurlocke Emeline,38
803381830-1,"Classe américaine, La (a.k.a. Le grand détournement)",Robinett Mitskevich,43
160088937-9,Beyond Re-Animator,Jerri Trawin,61
441810755-X,Letter from Siberia,Sigrid Notti,66
917012013-7,Affinity,Gillan Matushevich,92
080710895-2,"Farewell to Arms, A",Patti Clinkard,28
044649014-8,Gitarrmongot,Eldredge Rouby,66
300544534-8,Mad Hot Ballroom,Stavro Caban,12
228881446-2,"Paradise, Hawaiian Style",Levon August,49
594641067-9,"Seventh Sign, The",Henry Statersfield,41
518099365-2,East Meets West (Dung sing sai tsau 2011),Jennie Chantree,00
583444016-9,"Innocent, The (Innocente, L')",Ameline Pulster,17
494501033-1,Bride of the Monster,Ashla Obern,63
442238552-6,Plankton,Wenonah Jonathon,50
968457042-2,American Mary,Lorna Gauthorpp,14
515629894-X,Out of Mind: The Stories of H.P. Lovecraft,Phillip Gianolo,59
036115136-5,Angels & Demons,Bran Telford,80
634441328-X,New Year's Eve,Felita Philliphs,38
714033291-6,Bernice Bobs Her Hair,Baryram Antalffy,48
732973283-4,Fear City,Farlay Polley,53
005051969-7,Smokey and the Bandit III,Giustino Woolward,60
212597674-9,Joe's Palace,Darcy MacGill,08
712514138-2,Better Housekeeping (a.k.a. Good Housekeeping),Shay Thombleson,20
242952485-6,"Pool, The (Swimming Pool - Der Tod feiert mit) ",Yvonne Sargison,45
652010538-4,Attila (Attila the Hun),Troy Padberry,38
963397210-8,"Good Life, The",Josephine Cicutto,45
686599689-5,When Pigs Have Wings,Domenic Cammiemile,62
954836735-1,Born on the Fourth of July,Rosetta Kapelhof,20
048965469-X,Broken,Brittney Colam,12
521367107-1,Hammer of the Gods,Temp Etherington,95
474575723-9,Swing,Davita Attenbrough,51
812032187-1,"Last of Sheila, The",Casey Valentinuzzi,45
141244789-5,Imaginaerum,Lazar Worsnap,51
374453551-7,The Hungover Games,Flin Eskrick,07
938622799-1,Wild Tigers I Have Known,Melba Fiveash,85
416284137-3,Von Richthofen and Brown,Missie Bollard,96
917058401-X,To the Left of the Father (Lavoura Arcaica),Stacee Pickhaver,53
447744682-9,Smile,Marta Obeney,71
043455935-0,Two English Girls (Les deux anglaises et le continent),Jemmie Ygoe,28
148428474-7,Mademoiselle,Elmore Paragreen,24
071652456-2,"Paradise, Hawaiian Style",Carmelia Camoys,18
719247230-1,Cold Comes the Night,Wallie Pisculli,03
653626048-1,"New Life, A (La vie nouvelle)",Bryn Freegard,65
040838149-3,Red 2,Marten Gridon,85
897389999-6,"Great Mouse Detective, The",Gabriele Van der Beken,68
142041689-8,Joe's Apartment,Jerrilyn Kall,50
313862190-2,Reel Injun,Shelton Colson,63
931725497-7,Henry Kissinger: Secrets of a Superpower (Henry Kissinger - Geheimnisse einer Supermacht),Shanon Bachanski,65
988886261-8,Screwed in Tallinn (Torsk på Tallinn - En liten film om ensamhet),Branden Shermar,67
282713738-0,Dinoshark,Marijn Sinnie,96
154728031-X,Family United (La gran familia española),Wiatt Gearing,01
312478772-2,Evening,Caritta Linnitt,76
889219269-8,"Starving Games, The",Candida Janacek,05
391339170-3,"Raven, The",Evangeline Demelt,11
816081734-7,Munger Road,Benito Crickett,10
234403802-7,Original Sin,Thorndike Hayles,94
456744566-X,Can Mr. Smith Get to Washington Anymore?,Marketa Davitti,18
894604017-3,Indecent Proposal,Frank Bartell,27
874534243-1,Looking Forward,Dominic Bish,63
251101399-1,My Flesh My Blood (Moja krew),Ingrim Winckles,44
926643633-X,Promise Her Anything,Dulcinea Kynastone,29
334084622-7,Collateral,Shayne Crosson,11
680743530-4,588 Rue Paradis (Mother),Alvin Coslitt,78
719825405-5,"Prince and the Pauper, The",Nap Grealey,88
856923092-3,"In Crowd, The",Lind Batteson,38
854737337-3,Tumbleweeds,Jerrilyn Tams,59
818361296-2,O Lucky Man!,Cthrine Langthorn,06
503108658-0,Night Passage,Zechariah Bereford,84
607133821-2,"Locals, The",Doris Bothie,67
051813286-2,"Eighth Day, The (Den Åttonde dagen)",Vaclav Ovendon,17
139242614-6,7 Boxes (7 cajas),Ambrose Stanlack,35
099163994-4,One Body Too Many,Ahmad Dufall,77
139757894-7,"Haunted World of Edward D. Wood Jr., The",Jobye Oggers,59
640600480-9,Yatterman (Yattâman),Ruth Cleaton,49
969813459-X,Dirty Pretty Things,Alli Loxton,41
012500478-8,Touching the Void,Jerrie Ortler,68
814509888-2,Armored,Layton Anwell,99
404065634-2,"Nutty Professor, The",Sonya Ditter,72
795675159-4,Accidents Happen,Delphinia Epinoy,12
290956892-X,"Life of Oharu, The (Saikaku ichidai onna)",Ines Wiszniewski,94
836240227-X,Road Games (a.k.a. Roadgames),Shanna Vedishchev,87
056325907-8,Trancers,Marina Lempel,39
124269849-3,Let the Bullets Fly,Thurston Welham,88
372324625-7,Magic Mike,Corena Stead,77
819485964-6,"Hey, Hey, It's Esther Blueburger",Jori Fenkel,77
845642510-9,Back to the Future Part III,Una Lightwing,66
682655772-X,Deal of the Century,Haskel Biskup,64
297769011-5,Hear No Evil,Ashbey Corter,25
236434587-1,Silver Bullet (Stephen King's Silver Bullet),Erina Backman,36
587487450-X,Blue Smoke,Regan Curnow,73
989135813-5,Happy Family,Giacinta Simunek,70
531651953-1,Decampitated,Leslie Straniero,59
749979124-6,Friday the 13th Part VI: Jason Lives,Sheffield Lethieulier,38
999533008-3,"St. Valentine's Day Massacre, The",Fulton Delacourt,87
575508193-X,The Case of the Lucky Legs,Dannie Joiris,68
585626899-7,Winnie the Pooh and the Honey Tree,Lazar Eagers,27
835120094-8,"Trouble with Bliss, The",Giavani Cuttler,09
992036929-2,Auntie Mame,Kelcey Funcheon,27
364565824-6,"Long Way Down, A",Jobye Beetham,31
587521293-4,"Last Unicorn, The",Laural Grendon,36
711892259-5,Radio,Matt Hindrick,91
898609261-1,Girl Walk: All Day,Jere Halt,79
366886558-2,"Hindenburg, The",Kimbra Lockhart,68
883433854-5,Lesson Plan ,Clive Petican,58
886452113-5,"Couch in New York, A",Clare Farre,15
526362062-4,Rudderless,Damita Hansard,69
488149844-4,Lon Chaney: A Thousand Faces,Gar Sayles,08
041251344-7,Wallace & Gromit: A Close Shave,Sondra Soppitt,69
086736179-4,Tony Manero,Walther Eronie,58
536282562-3,Big Fat Liar,Alexei Redier,74
397947203-5,Berserk,Crysta Smallcomb,79
523261265-4,Dallas Buyers Club,Gerladina Reyburn,35
957701716-9,Hotel Hell Vacation,Carlynne Thing,86
056182703-6,Alien Hunter,Nessie Houldin,61
614195544-4,Spirits of the Dead,Drusie Sutherns,48
657410597-8,Breaking the Rules,Salomone Pocklington,13
739039649-0,Blood Trails ,Roley Bain,09
379885525-0,Tropical Malady (Sud pralad),Patin Chidlow,28
835249113-X,Berserk: The Golden Age Arc 2 - The Battle for Doldrey,Gregg Digges,64
346508965-0,The Walking Stick,Barret Moulton,61
014058200-2,Camille Claudel 1915,Danna Landall,52
861450452-7,Trails (Veredas),Dalia Cazereau,12
354062433-3,How to Rob a Bank,Florenza Purtell,49
843436837-4,Blame It on Rio,Regan Skells,91
090370697-0,Studentfesten,Liliane Tiltman,87
322002469-6,Then I Sentenced Them All to Death (Atunci i-am condamnat pe toti la moarte),Cornelius Stoile,86
453994299-9,Sylvia Scarlett,Any Bouzan,40
365002587-6,Undercover Blues,Atlanta Scullion,99
559264010-2,Bad Boy Bubby,Jephthah Bedbury,24
874634344-X,Havoc,Kylen Trew,14
420477209-9,Born to Be Wild,Dorey Danev,31
724862825-5,Romy and Michele's High School Reunion,Raphaela Jenken,73
896604165-5,Jamie and Jessie Are Not Together,Ashleigh Dimberline,93
109827463-6,Dirty,Fredi Hammonds,22
998627767-1,Grindhouse,Leonore Chetwin,73
387602055-7,Star!,Kimbra Eddowes,35
811845577-7,Damage (Fatale),Tye Loadwick,36
054389721-4,Bluebeard,Ferdy Spavon,82
625842619-0,The Loyal 47 Ronin,Bink Pury,22
987581162-9,The Forgotten Space,Henri Filipczynski,45
956202281-1,"Thousand Months, A (Mille mois)",Greer O'Dowgaine,50
854748555-4,Going Postal,Linet Cornelisse,81
807322727-4,Adulthood,Mahmoud Golly,91
861135213-0,In a Dark Place,Katherine Maguire,02
023910701-2,"Knight's Tale, A",North Orbell,28
454722215-0,"Verdict, The",Milty McCay,41
918473956-8,Apartment 1303 3D,Martguerita Cotman,20
571149075-3,Pekka ja Pätkä neekereinä,Layton O'Lyhane,78
567655827-X,Don,Cory Pulteneye,20
992080609-9,Detective (Détective),Krissie Facey,08
828379579-1,Fantasia 2000,Mehetabel Franzini,54
418417658-5,"Last Taboo, The",Felic Hawksworth,91
272801888-X,Dante's Inferno Animated,Yul Earey,59
505272662-7,"Noordzee, Texas (North Sea Texas)",Marlyn Huetson,39
839229840-3,Romy and Michele's High School Reunion,Alphard Debney,40
597895400-3,Friday the 13th Part 2,Arlena Grealish,22
957942168-4,"Horse in the Gray Flannel Suit, The",Paulie Smart,55
351506191-6,Rage at Dawn,Heather Bonnyson,28
454626129-2,Cesar Chavez,Kiele Agg,12
411296937-6,Exiles (Exils),Nolana Mansfield,77
252500787-5,Thanksgiving Family Reunion (National Lampoon's Holiday Reunion),Lock Bullman,92
228758502-8,Dylan Dog: Dead of Night,Orville Donnan,72
362275538-5,Mystery Date,Carlin Jeannon,81
094934799-X,Stray Cat Rock: Delinquent Girl Boss (Nora-neko rokku: Onna banchô),Dyana Parkhouse,01
748757004-5,"Satanic Rites of Dracula, The",Dawna Broszkiewicz,22
364221532-7,Mary and Max,Irvine Chadd,70
977061568-4,Scream 3,Tulley Sapena,82
979058360-5,"H-Man, The (Bijo to Ekitainingen)",Calv Saffrin,98
533854746-5,Delta Force 2 (Delta Force 2: The Colombian Connection),Luella Goricke,80
604391822-6,American: The Bill Hicks Story,Bessy Tourot,47
687583173-2,Symphony of the Soil,Winnie Lemerie,48
977293298-9,Neil Young Journeys,Aurea Baiden,63
271541815-9,Crossworlds,Erinna Rolse,72
470373178-9,"To Have, or Not (En avoir (ou pas))",Arlyn Durston,46
485995674-5,Chocchan's Story (Chocchan monogatari),Brenden Von Welden,35
244087934-7,Dracula (Dracula 3D),Jarret Syder,39
576817082-0,Everlasting Moments (Maria Larssons eviga ögonblick),Raquela O'Carrol,03
244534470-0,Reggie Watts: Why Shit So Crazy?,Shena McCafferty,46
445110762-8,Run of the Arrow,Carly Ovize,24
143178376-5,Cousins in Love (a.k.a. Tender Cousins) (Tendres Cousines),Tabbatha Turfin,73
091346175-X,"House of the Dead, The",Helsa Burrage,65
666916161-1,Body Shots,Edouard Cruikshanks,21
394451916-7,Face of Terror,Roda Sirkett,24
721656132-5,Angie,Diannne Stiling,45
731494699-X,Welcome,Annabell Silby,67
196846692-4,Caught,Odella Le Noury,62
728155346-3,Sunset Strip,Manda Folke,14
077668783-2,Point Blank,Griffy Stanyan,74
106856007-X,Sins,Heath Krolik,83
039092648-5,"Day The Earth Froze, The (Sampo)",Genna Stark,16
387110822-7,Victim,Lanny O'Monahan,39
329843596-1,Seven Girlfriends,Brigid Crossman,06
110941143-X,Over Her Dead Body,Adelbert Brasher,61
322109469-8,Batman: Year One,Aylmar Thirst,03
873086132-2,Labor Day,Delores Daughtery,62
579841643-7,Boys,Kaye Margaritelli,91
741146372-8,Zatoichi,Luca Swanborrow,17
669593363-4,"Stranger in Town, A",Rollin Grahamslaw,27
805479039-2,"Bad Boy (Story of Danny Lester, The)",Simone Fluger,14
680648989-3,Elle: A Modern Cinderella Tale,Eben Pauling,34
993230198-1,Elektra,Marnia Derl,98
909060159-7,"Havre, Le",Sukey Arkley,31
640426493-5,Scott Joplin,Fleming Blunsden,97
931979804-4,Rendezvous,Elie Cleugh,58
064217510-1,Ruby Gentry,Cati Andrusyak,04
864370043-6,The Kingdom of Dreams and Madness,Alvina Vynall,86
858189477-1,"Avengers, The",Maxwell Eddolls,06
208897162-9,Hardcover,Hy Sleeford,50
609064141-3,Rainbow Valley,Godfry Kift,99
062749188-X,Lord Love a Duck,Garret Delgardillo,62
216609662-X,"Electra, My Love (Szerelmem, Elektra)",Hilarius Forstall,72
230689109-5,Bon Voyage,Andra Lemon,10
585227184-5,My Week with Marilyn,Niven Rangall,11
752587165-5,Crime Spree,Sabina Cantillion,39
614891274-0,Expecting a Miracle,Raina Groombridge,32
655378260-1,Someone Like You (Unnaipol Oruvan),Charline Peppard,88
729705045-8,Clubland (a.k.a. Introducing the Dwights),Terza Garrold,29
511032049-7,Slaughterhouse-Five,Ddene MacCrossan,16
420037851-5,Shalako,Nanni Caulcott,28
570970656-6,Molly Maxwell,Viviana Liverseege,72
422285444-1,"History of Future Folk, The",Ailsun Buckenham,98
944293603-4,Waking Up in Reno,Quintilla Salatino,69
750880732-4,Madman,Vernice Cormack,58
193354548-8,Two Little Boys,Cherry Tour,32
610250589-1,Fuzz,Valentin McKissack,82
500960862-6,Code Name: The Cleaner,Frasquito Renzini,79
155136259-7,Blow Job,Vikki Barrell,36
089752988-X,Hanging Up,Forbes Sear,53
493929768-3,Red Like the Sky (Rosso come il cielo),Nissy MacConnulty,05
915174812-6,Voodoo Dawn,Renae Gallaway,24
071637950-3,"Masquerade (Gwanghai, Wangyidoen namja)",Kristoforo Mainz,12
102308602-6,Lullaby,Cicily Attarge,35
964669111-0,"Court Jester, The",Anselma O' Byrne,67
239263347-9,"Thin Man, The",Karole Orlton,13
919753763-2,Nil By Mouth,Gloria Dumblton,56
725475173-X,Death Wish 2,Bayard Danielczyk,27
348111962-3,ATF ,Vasili Sultan,59
528993393-X,Jersey Girl,Conrade Charlon,99
161076891-4,Ernest Goes to Africa,Abbi Barthelme,62
823682754-2,Eagle Eye,Jemmy Skechley,98
637547316-0,Pahat pojat,Tessy Rosenshine,16
399205491-8,Salesman,Daron Loton,89
349858858-3,"Gods Must Be Crazy II, The",Kirsteni Le Lievre,09
190859036-X,The Little Death,Elga Bolton,01
686510632-6,Bond Girls Are Forever,Neville Crab,68
470859575-1,"Frozen, The",Steffie De Carteret,49
705935790-4,Man of the House,Aldin Spurret,56
975286056-7,Sympathy for Delicious,Jae Yeell,63
171687535-8,Cinderella,Phyllys Gorvette,21
080223370-8,Cop Out,Philippa Samms,03
094761816-3,Let's Scare Jessica to Death,Petrina Stocking,64
053674076-3,Mulan II,Lucretia Stonner,83
508249139-3,Madagascar Skin,Valery Skace,62
888749572-6,Roula,Bee Sibun,96
842911902-7,Sex and the City 2,Zonnya Byres,81
091031351-2,How She Move,Jillayne Colquhoun,03
924163612-2,"Thin Blue Line, The",Benedetta Sollner,60
388448416-8,Love Meetings (Comizi d'amore),Nerti Poll,94
066321196-4,Attack of the Killer Tomatoes!,Marjorie Edensor,72
191571596-2,Drowning by Numbers,Gerik Blenkinship,96
713741930-5,Hemingway & Gellhorn,Evanne Le Gallo,21
070039406-0,Point of No Return,Nancey Demke,40
418818563-5,Shrek Forever After (a.k.a. Shrek: The Final Chapter),Westbrooke Challenor,99
577619688-4,Hollywood Homicide,Berrie Haycraft,84
626666685-5,Intolerance: Love's Struggle Throughout the Ages,Tara Newell,51
665678586-7,Lathe of Heaven,Iain Forst,42
684876071-4,Aces and Eights,Arabella Crack,47
067359432-7,Pearl Harbor,Pearline Getten,49
046747106-1,Assassination,Diannne Halliberton,87
753945167-X,Interior. Leather Bar.,Kaylee Brosh,23
946960654-X,Craig Ferguson: I'm Here To Help,Nicol Siggins,87
481857792-8,After Last Season,Barbe Whatling,30
405957973-4,Pixote,Ludovico Sheilds,34
186148833-5,Noam Chomsky: Distorted Morality,Marianna Klagge,30
531597775-7,Kissing Jessica Stein,Rahal Esherwood,06
674361675-3,Klitschko,Kele Mileham,14
667754813-9,Benji: Off the Leash!,Valentine Battleson,44
340206967-9,RiP: A Remix Manifesto,Rhianon Duester,64
367550387-9,"Monster, The",Rollie Kilrow,32
149803753-4,You're Missing the Point,Natassia Writer,46
085617392-4,Shutter,Myriam Prescot,37
919081298-0,The Great Alligator,Isa Yoseloff,71
223193361-6,Shogun Assassin,Melvin Severy,33
643353586-0,Crime at Porta Romana,Marisa Ianelli,26
649320060-1,Ghoulies II,Devora Maund,98
793143306-8,"Happy, Texas",Ezmeralda Sumpton,88
580814044-7,"Clay Bird, The (Matir moina)",Lacy O' Hern,29
966800838-3,"Captain's Paradise, The",Mateo O'Toole,33
196455560-4,Crazy Kind of Love,Virgil Darwood,22
719073068-0,Hilton!,Law Lawdham,24
427913403-0,Arctic Blast,Enrico McPeeters,77
744307696-7,Urban Menace,Jamaal Wilcot,12
128270546-6,"Snows of Kilimanjaro, The (Neiges du Kilimandjaro, Les)",Jacquie Inglese,64
313277903-2,"Howards of Virginia, The",Barclay Duggen,80
824629587-X,"Last Godfather, The",Nissa Aldren,75
747048459-0,Jude the Obscure,Carol Luparti,68
415909570-4,"Boxer, The",Davine Petrolli,97
011146706-3,School For Scoundrels,Jozef Safell,44
193709385-9,"Dead, The",Marga Adamovitch,95
244802549-5,Another Chance,Calhoun Tillman,18
878165155-4,Aziz Ansari: Live at Madison Square Garden,Diana Itzkovwitch,47
267896518-X,Closet Land,Caresse Roose,73
623148178-6,Bitter Sweet,Xena Klimentyev,86
686371714-X,Butter,Ruddy Minot,86
540537753-8,"Iceman, The",Worden Verzey,10
868017349-5,Best Laid Plans,Lee Jeanet,42
985090738-X,Ciao Bella,Deerdre Adamo,41
515313668-X,"Vampire, The",Randie Leacock,61
851668743-0,Goodbye Charlie,Bryan Stillert,21
198557666-X,Beautiful Girl,Laetitia Le Jean,05
586092252-3,Canadian Bacon,Conney Leithgoe,97
767324322-9,Dead Again,Maiga Hissett,29
965246544-5,"Cowboys, The",Jacquie Dodson,65
318658342-X,East of Eden,Cyrus Blamphin,48
000737114-4,"Spider Baby or, The Maddest Story Ever Told (Spider Baby)",Bondon Vogele,94
363663410-0,Mixed Nuts,Sari Piers,71
724603568-0,"Hitman, The",Angy Woollacott,26
363768373-3,Süperseks,Pierette Obray,84
189111887-0,Eight Crazy Nights (Adam Sandler's Eight Crazy Nights),Meir Fitchen,60
758029487-7,Don't Give Up the Ship,Humfrey Karlqvist,76
737504084-2,Triumph of the Spirit,Dylan Nielson,98
415029365-1,Two Days,Elonore Donnan,18
768168940-0,15 Minutes,Ezri Spreckley,97
314127565-3,Grudge Match,Eloise MacElholm,64
609703559-4,Cargo,Ellswerth Plaxton,79
289762438-8,City Zero,Windham Luter,12
397605711-8,Tinker Tailor Soldier Spy,Malvin Gerbel,26
893247595-4,The Miracle of Our Lady of Fatima,Keith Bavin,45
584598596-X,Wrecked,Xylia Catonnet,23
645233648-7,"Collector, The",Jackson Dufaire,84
364326113-6,"Gunfight at Dodge City, The",Hans Mulloch,65
443474830-0,Four Eyed Monsters,Juan Favel,83
563450212-8,"Misérables, Les",Talia Bucknall,50
497988655-8,"Misérables, Les",Piotr Asquez,69
470842419-1,Palms (Ladoni),Alley Heathcott,52
878989811-7,"Young and the Damned, The (Olvidados, Los)",Cyb Dowdall,61
874472327-X,"3 Worlds of Gulliver, The",Clarence Slevin,72
812108060-6,"Ballad of Little Jo, The",Standford Heller,55
063102745-9,Babylon 5: The Gathering,Jock Higford,38
233994954-8,Boys Love,Sheri Gussie,36
542482044-1,James Gandolfini: Tribute to a Friend,Ruttger Endersby,13
252540529-3,"Texas Chainsaw Massacre 2, The",Douglass Trehearne,09
285095792-5,Forbidden City Cop (Dai lap mat tam 008),Doloritas Kausche,79
389749577-5,Zero Dark Thirty,Angelica Blumer,23
612668458-3,"Wings of the Dove, The",Jilli Nanelli,14
923915099-4,"Luna, La",Gayel Tankin,13
356842363-4,Mad Max,Ceil Weddeburn,50
335405001-2,Doubt,Sharai Talks,81
584894475-X,Mother Joan of the Angels (Matka Joanna od aniolów),Eirena Kohlerman,16
057052253-6,GhostWatcher,Broddy Thouless,82
973542397-9,Flight 93,Edlin Lealle,77
512613112-5,RiP: A Remix Manifesto,Jena Janu,08
067957475-1,Big Deal on Madonna Street (I Soliti Ignoti),Correy Ronchetti,60
367795323-5,Love Affair,Rog Cocklin,06
996327014-X,Love Crazy,Van Keele,83
401928195-5,Harvard Beats Yale 29-29,Georgy Cortin,74
955470067-9,Noriko's Dinner Table (Noriko no shokutaku),Ken Grunder,13
954209442-6,Late Bloomers,Celestyn Schwieso,13
516541846-4,Criminal,Angeline Ohanessian,31
171322453-4,"Last Call, The (Tercera Llamada)",Karly Furzey,80
706089903-0,"House on Sorority Row, The",Hilary Patkin,94
449451796-8,Ivanhoe,Bren Sumpter,70
689650193-6,Land of Happines (Onnen maa),Mariele Milan,49
902268656-6,From Hell,Townie Patrick,28
306442869-1,Capitalism: A Love Story,Zed Owtram,09
934461227-7,Teeth,Constantin Zamora,17
758020910-1,Don't Go Breaking My Heart (Daan gyun naam yu),Andeee Beddoe,31
539426577-1,"Shipping News, The",Joaquin Ravillas,39
973420958-2,Romasanta: The Werewolf Hunt,Adriane Djekic,03
771952951-0,John Adams,Elsbeth Alger,87
006014430-0,"Hills Have Eyes Part II, The",Iorgo Paviour,63
721698991-0,Mansome,Norbert Baglow,83
824263170-0,"Mystery of the Yellow Room, The (Mystère de la chambre jaune, Le)",Melodie Waldock,40
427338431-0,Mr. Nanny,Ardath McDuffie,70
352068851-4,While You Were Sleeping,Mikael Barkhouse,44
948133336-1,Israeli Intelligence (Hamosad Hasagur),Aubrie Cooke,99
200119663-6,Federico Fellini's Autobiography (Federico Fellini - un autoritratto ritrovato),Tully Leverette,07
149822721-X,Virunga,Skippie Brockton,54
992024963-7,Boom!,Virgina Betteridge,95
426197049-X,If I Were You (Se Eu Fosse Você),Thain Ida,15
103181125-7,In Our Garden,Ernaline Cheverell,64
430389095-2,"Big Green, The",Carlyle Sopper,80
