3365441824,Modesta,Hansard,17132 Parkside Crossing
1147644411,Pen,Hitscher,275 Talmadge Pass
4820262300,Taite,Dami,6 Butterfield Place
8971217359,Lora,Urch,0 Debra Plaza
3405623294,Antonetta,Stilldale,01679 Manley Street
8544718582,Martica,Ludlamme,2 Toban Way
8196785275,Casar,Dunnion,64031 Merry Pass
4898728790,Lil,Churcher,709 Pepper Wood Trail
0102495750,Hamid,Mahoney,6 Northport Junction
8781825897,Eleonore,Waltho,19 Novick Court
3997819033,Felisha,Aulds,278 Pine View Terrace
2189463807,Piotr,Carbery,45805 Mesta Hill
5175694057,Blair,Studdard,60901 Myrtle Circle
0401107027,Mose,Fridd,6537 Ilene Alley
9778795061,Calley,Allridge,25937 Hollow Ridge Street
1465514260,Mamie,Saing,2754 Novick Point
5327285901,Kingsly,Seid,75204 Walton Drive
0072469706,Dun,Stollenberg,80 Sachs Lane
1499444788,Daniele,Padginton,97169 Swallow Terrace
6304406096,Dosi,Hanson,7 Rusk Pass
8566965701,Charleen,Wogden,96 Center Alley
2491276011,Pammy,Leask,488 Northview Junction
9036916364,Magda,Easthope,12221 Independence Hill
6143584036,Burg,FitzGeorge,716 Green Ridge Center
7767112438,Fawnia,Calderwood,66215 Scoville Point
8673219973,Diane-marie,Beckworth,80 Lukken Street
4298298264,Davida,McCallister,01 Bunting Place
1649658109,Patrizius,Byrd,353 Algoma Avenue
1535706341,Chariot,Krugmann,60 Cardinal Park
1988280990,Dall,Hindes,0124 Stuart Park
8759043660,Alf,Douse,017 Onsgard Hill
8892642723,Iain,Walpole,20 Birchwood Court
0012355585,Claudian,Poulston,2543 Iowa Court
0930362896,Celestina,Dreschler,6652 Knutson Avenue
8986527235,Kamilah,Maton,0 Anzinger Point
0165487763,Kare,Grzegorczyk,92 Westend Hill
6493718627,Geri,Gorrissen,6 Havey Junction
2267864118,Pepillo,Walshaw,04 7th Lane
9941076103,Brion,Lawler,8321 Dakota Trail
6059471528,Daphna,D'Oyly,1847 Meadow Ridge Point
4620689505,Susan,Dorgon,60025 Forest Park
2026768412,Christophorus,Agiolfinger,93 Judy Center
2303459001,Monro,O'Lehane,16 Porter Road
9607261364,Lu,Venner,6 Westport Way
3092474872,Kristien,Wennam,8 Debra Court
6483952406,Wallache,Phuprate,27 Del Mar Alley
0158502736,Tally,Rablen,864 Melrose Hill
8964434471,Othella,Jendrassik,62105 Bowman Alley
8081582843,Aylmer,Haycock,2560 Briar Crest Drive
3034841833,Conrad,Angerstein,12 Corscot Plaza
2507219319,Kora,Newens,56 Schurz Drive
0189147156,Layla,Lantuff,071 Granby Pass
3435561378,Rodina,Drever,1520 Redwing Point
9769645354,Titos,Palfree,46 Forest Dale Place
5462326483,Floris,Mowson,21 Dayton Circle
0822893169,Katuscha,Widdicombe,4012 Onsgard Circle
6270537517,Dallas,Gagie,9 Milwaukee Hill
2692650859,Anna-maria,Sines,277 Oakridge Alley
3684784222,Kasper,Rowcliffe,60 Straubel Parkway
6214248157,Guillaume,Pennycuick,845 Loomis Lane
4016404789,Garreth,Gerdts,9 Vera Way
6983682092,Amandy,Benfield,2 Porter Point
5418386085,Xylia,Roger,7689 Superior Trail
1323479775,Lorita,Munks,0 Pepper Wood Alley
5281049755,Natalee,Bywaters,50 Cascade Avenue
7826320410,Craggy,Seide,674 1st Way
5328262956,Rosa,Brockhurst,98 Oakridge Road
9593616748,Baron,Scurfield,5190 Springs Terrace
0293856141,Harmonia,Goodship,67 Browning Point
0947217223,Donnamarie,Strethill,009 Mockingbird Park
3514308160,Claudie,Hazeup,86512 Nelson Trail
0027306615,Jerad,Castletine,1 Westport Street
8699234880,Mellisa,Donner,6575 Mccormick Parkway
3121067044,Celesta,Longthorn,26826 Lotheville Street
8021850663,Obadiah,Gillopp,883 Blackbird Street
4132368742,Carrissa,Blankett,42 Ramsey Junction
8693118641,Ashlee,Winder,534 Delladonna Street
7773273103,Archibald,Syson,06870 Oxford Pass
3180014288,Kristyn,Sprowles,041 Jackson Point
5040763794,Alessandro,Norfolk,0 Schiller Place
4597539506,Julina,Ellph,0196 Grayhawk Point
9364722310,Lanny,Ganning,7 Mockingbird Junction
6269203589,Herta,Cossell,4 Village Park
2796663698,Ariadne,Harte,96 Mosinee Plaza
1988813824,Rose,De Cruze,800 Susan Center
0663249007,Joseph,Roobottom,3 Aberg Junction
9684745885,Lib,Wheelhouse,5330 Anniversary Junction
1418604852,Delly,Samme,4123 Alpine Alley
3240808196,Herrick,Piwall,83047 Manley Park
2171940921,Salomo,Yakuntsov,40 Aberg Street
6903101438,Benni,Alderwick,85 Village Green Trail
1395082375,Dara,Henmarsh,642 Autumn Leaf Hill
9319352887,Cully,Coulsen,846 Crescent Oaks Pass
7342713716,Sigismund,Killigrew,88809 Ludington Trail
5330158117,Dion,Jovicic,76599 Ronald Regan Trail
1671820487,Leda,McCrossan,99 Mandrake Drive
3638710211,Danya,Rioch,576 Karstens Street
9759636611,Tara,Tingle,10521 Hintze Trail
6635596461,Yoko,Syversen,49 Northport Street
7696056263,Corbett,Aldiss,6153 Crescent Oaks Park
1797397257,Papageno,Gierardi,052 Arizona Trail
6147606328,Ferd,McGoldrick,2 Hazelcrest Road
1039952054,Jeni,Jozwicki,2496 Thierer Place
7271954740,Ibbie,Lathan,33562 John Wall Trail
9060541731,Elinore,Ludvigsen,3788 Dennis Crossing
6115624487,Gordy,Cobley,07979 Mayfield Plaza
8152037281,Marcy,Duckett,653 Summer Ridge Court
6372557991,Cherlyn,Bartolommeo,8 Haas Hill
6420901596,Carlen,Lampel,90329 Reindahl Trail
7768462076,Michal,Baird,6517 Ryan Drive
7574257108,Ambrosius,Broadbridge,8407 Kim Pass
1250956447,Cindra,Fellnee,30485 Rusk Street
5746898937,Lianna,Crompton,37553 Westerfield Street
9447455921,Lodovico,Common,82296 Monterey Circle
9228549041,Shelton,Methven,7383 Hanson Terrace
7597188447,Elayne,Potes,3 Buena Vista Street
1187784915,Gauthier,Cushelly,419 Bowman Crossing
7490767628,Reggy,Knath,103 Darwin Parkway
8387738646,Gaultiero,Petzolt,038 Swallow Road
7349077939,Alethea,Sheryne,439 Briar Crest Way
9959454894,Dewey,Schulze,73 Reindahl Terrace
1214796869,Rusty,Niblett,867 Duke Pass
6126878523,Rafael,Nordass,9052 Randy Pass
1830998633,Burlie,Vorley,6 Warrior Crossing
7150282326,Janelle,Biss,791 Birchwood Park
4355124304,Henrieta,Courvert,997 Sheridan Avenue
7865282133,Audra,Teml,8748 Gale Point
2831841100,Ray,Stickney,63573 Northridge Point
7679791538,Mike,Gheraldi,5578 North Crossing
2041151226,Rivkah,Accombe,3 Namekagon Road
3292704766,Juline,Iddison,0791 Anzinger Crossing
5077078289,Boy,Carman,827 Doe Crossing Center
8901143852,Davidde,O' Scallan,446 Vermont Street
1997598876,Chen,Hoyer,41838 Ryan Road
6319213418,Candice,Durant,30334 Morrow Street
5046237725,Kandy,Laird,8136 Ridgeway Alley
0904031535,Ardisj,Gabbitas,616 Moland Crossing
8856193671,Della,Bennellick,3 Russell Street
2922367193,Sheba,Newing,7 Golf View Crossing
6853974891,Moll,Lansdale,2824 Cambridge Crossing
1659633575,Cass,Critcher,1138 Northfield Court
5137374806,Vonni,Farrah,82431 Valley Edge Way
4548835709,Ki,Fraczek,54681 Havey Trail
3717647229,Daveta,Alwell,4743 Mifflin Street
1631802739,Francklyn,Cottell,51 Dunning Plaza
1504100689,Ari,Pawelski,97779 Clemons Crossing
7981370949,Bettine,Hebble,644 Anniversary Hill
4855150657,Brittaney,Baulk,51 Nova Pass
6046220076,Doyle,Thew,848 Lukken Parkway
2117586112,Gaby,Hardinge,67 Dryden Street
8563220128,Tara,Starrs,43 Holy Cross Trail
0145260933,Toddy,Skurm,81 Katie Point
7870454613,Lauri,Rawet,8364 Glendale Avenue
1087191734,Querida,Daines,5276 Fairfield Junction
6620018971,Agnola,Eccleshare,5419 Maple Way
4594567681,Ave,Wenderott,73126 Green Terrace
5863169265,Lindsey,Maben,83 Oakridge Plaza
9221971902,Fabiano,Farryn,18 Lakeland Plaza
4807586726,Halsey,Rippon,932 Mcbride Terrace
8920818711,Nicolle,Dearell,56388 Colorado Terrace
7657248904,Raf,Antonelli,58 Lindbergh Junction
8157385458,Werner,Guly,0110 Fordem Pass
8135003021,Marcie,Threlfall,1979 Sycamore Parkway
3977311611,Nicolea,Dew,05239 Corscot Crossing
4634753375,Daniela,Luetkemeyers,52 Myrtle Center
7325277024,Edmon,Budgen,7655 Johnson Circle
2022394658,Annemarie,Plet,33901 Warrior Lane
8026400011,Karoline,Rossoni,8630 Kipling Drive
3151594980,Jeniffer,McPhelimey,5 Washington Hill
0131764667,Clea,Ravenscroft,29 Fair Oaks Hill
1136719067,Cori,Woolcocks,2032 Jana Hill
4461343448,Orel,Cluett,523 Northwestern Trail
0877909997,Christopher,Powland,92 Doe Crossing Alley
0982487924,Iorgo,Giorgione,5 Butternut Avenue
9311225088,Sibyl,Cafe,6 Old Gate Trail
2577957351,Mercy,Lightbowne,8931 Corben Lane
0045769087,Mattie,Schroter,05 Little Fleur Parkway
9764867642,Doralyn,Isenor,01009 Fallview Street
4315337749,Cassie,Bazley,66034 Truax Point
5538754545,Byron,Churn,097 Roth Avenue
3344657682,Sonnie,Leworthy,901 Dakota Junction
9576322413,Chrissie,Innes,74603 Forest Run Lane
9647710445,Melesa,Ghirigori,646 Monica Lane
4183565022,Rusty,Yakebovitch,8 Thackeray Center
5717798784,Pauly,Vallens,26104 Dovetail Parkway
7808888354,Eduardo,Stucksbury,6 Farwell Pass
9390725356,Tremayne,Hanham,39 Huxley Way
2673849904,Karole,Pigott,377 East Junction
8069694521,Tarrance,De Biasio,50119 Sauthoff Court
0331815184,Johnath,Leadston,682 Daystar Street
6245602726,Gertie,Fairbourne,9 Mccormick Point
8366585832,Stephana,Huish,0774 Kipling Hill
0226687589,Dennie,Goodhall,4 Rutledge Road
6623169067,Felice,McCritchie,44768 Haas Park
5985133478,Jessamine,Stapforth,0599 Brickson Park Center
0371782139,Ede,Lafoy,50825 Fuller Hill
6319322381,Olva,Umbers,6 Schurz Center
5369764425,Nicoli,Camps,7 Springs Parkway
6742738758,Pascal,Rollins,04410 Kinsman Junction
0539699748,Karia,Holywell,6 Anderson Crossing
3880885524,Agneta,Waddie,1120 Dahle Junction
3584837472,Catharine,Nardrup,5710 Commercial Circle
0741198193,Chick,Jutson,4 Calypso Center
0846058618,Robbin,Moreing,04 Charing Cross Junction
0381363163,Joell,Toms,43748 Esker Point
6266051397,Abie,Orneblow,246 Fairview Junction
6617529928,Tera,Choat,01686 Oak Valley Alley
4932579306,Payton,Parkman,62 Monument Road
9111620188,Eleen,Slograve,5 Warrior Hill
7548241852,Shaine,Stener,0646 Pond Park
6921900827,Jimmie,Merrifield,130 Coolidge Way
1668122367,Parke,Lorkin,0 New Castle Trail
6471868308,Aloysius,Copins,746 Wayridge Terrace
1188096664,Kip,Shooter,88956 Crescent Oaks Avenue
0040003000,Willy,Eager,5773 Superior Alley
8988969022,Kiersten,Tubbs,1755 Sherman Alley
2145377859,Isadore,Bullan,4 Rusk Parkway
8004807194,Thane,Charker,67 Porter Parkway
1808601785,Osborn,Manjot,2 Glendale Place
2748181506,Carmella,Mack,08 Continental Court
5863397616,Elisabet,Jon,5 Armistice Court
0237606674,Tabitha,Adamthwaite,839 Sauthoff Junction
8266552371,Beatrice,Hanbidge,34 Anzinger Terrace
4800340896,Doralynne,Giamelli,912 Clove Street
7172951247,Dukey,Ferrulli,09395 Center Junction
5661291353,Mikael,Pitfield,7 Bluejay Crossing
6458300751,Kiley,Poznanski,84 Donald Street
5910047515,Jacquelin,Hackey,793 Westridge Parkway
6852797104,Ali,Jephson,8035 Butternut Trail
3101568056,Roanne,Wimmer,57917 Forest Plaza
7945561357,Natalee,Grebbin,68 Colorado Pass
9737293053,Cloris,Cardow,5113 Kim Street
3715909722,Atlanta,Collis,53540 Village Green Crossing
0052862836,Karon,Prestige,65929 Delladonna Parkway
3482061750,Marilin,Milnes,6 Morning Drive
1347350896,Brigit,Kedge,37469 Dovetail Terrace
8252192114,Latia,Bosma,2 Ronald Regan Crossing
5775076397,Corie,Macken,096 Old Shore Street
1227238517,Ted,Cummine,732 Pearson Way
1276283504,Dyanna,Lamblin,230 Boyd Alley
3741085138,Jocelin,Luckman,698 Troy Road
9144846142,Hube,Cumine,6 Oakridge Street
4141210269,Pearline,Hawke,34087 Emmet Junction
4288769337,Karleen,Sheldon,91 Rusk Park
7389167017,Tedmund,Davidai,1821 Morningstar Road
5650401543,Ilysa,Jessen,8097 Shopko Parkway
3617707068,Val,Christou,9 Hagan Pass
9010587185,Samson,Stobart,19 Westport Junction
6619273831,Kelly,Carrick,436 Evergreen Road
9690480995,Cornie,Riall,2293 Badeau Drive
2132234116,Erny,Neissen,463 Alpine Plaza
7628740448,Shannon,Bisley,905 Drewry Parkway
5123748709,Annmarie,Tomasini,12 Chinook Center
8628647856,Elene,Knapman,2542 Brickson Park Plaza
3868554432,Mordy,Denkel,3 Main Trail
2718575174,Preston,Facer,89 Stuart Point
2234495865,Jaime,Carine,731 Cardinal Court
0108731170,Glen,Scalera,95122 Express Road
8585814586,Tawsha,Furlow,5800 Erie Plaza
5553257557,Hillier,Schwieso,4 Bunting Point
6721405059,Christabel,Learie,336 Dahle Avenue
1585107913,Sheila,Ferentz,62 Derek Alley
3702613439,Viki,Jopling,044 Sunbrook Pass
5492181114,Englebert,Randales,31808 Hovde Drive
0189314079,Gina,Treffry,90336 Toban Way
6925524218,Kylen,Caldaro,1 Michigan Trail
2000364829,Nessa,Wrathmell,97 Golf Course Way
8570238290,Lu,Tomet,59058 Union Junction
8031528934,Lorna,Lemerle,3 Blaine Pass
4095606088,Sallyann,Gooch,3 Waxwing Place
7876549136,Elizabet,Reina,2189 Colorado Road
5005417397,Leicester,Yoxen,9 Clarendon Crossing
4405354677,Cherilyn,Ryce,58 Blaine Terrace
7437278987,Romeo,Buckner,24 Tennessee Park
0328970239,Anselm,Eastlake,35973 Dennis Junction
0620140143,Gretchen,Marusyak,4990 Autumn Leaf Parkway
0091364493,Atlanta,Scamel,26535 Hauk Crossing
1279699167,Bart,Yoskowitz,5101 Thackeray Junction
5287073569,Marsh,Murrison,62 Messerschmidt Hill
1346585148,West,Vickery,6 Debs Point
4277081703,Nichol,Whanstall,37511 Longview Plaza
6409139047,Dav,Mitchinson,0 Oneill Place
8860108837,Oriana,Goodding,10 Mesta Circle
4016330467,Chad,Tapper,00282 Scofield Point
0796298343,Carroll,Hayhow,91 Mayfield Junction
0060013648,Madalyn,Tabrett,19663 Hallows Trail
1397234687,Maudie,Dungee,64825 Everett Lane
9517751400,Krystalle,Etchell,4231 Del Mar Place
6144626069,Bastian,Wanderschek,811 Dahle Road
6415312014,Kane,Ciobutaro,2656 Debs Place
8078175868,Shaun,Donnan,194 Colorado Avenue
3368389149,Ethan,McGlashan,994 Rieder Lane
4097613804,Nikolas,Grishinov,1547 Northwestern Drive
9982910795,Daisey,Hulson,28022 Bartelt Terrace
5992304428,Craggie,Stroban,3 Mosinee Park
4003427858,Juana,Chess,0720 Northridge Hill
8603875472,Lester,Jepensen,316 Tennessee Lane
7154571225,Rosita,Edgar,93074 Grasskamp Point
9572539434,Merl,Coules,6 Kim Road
9059260139,Paulo,Byrd,3 Thackeray Court
9389865174,Yard,McNess,9 Crescent Oaks Avenue
2635346941,Sylvia,Parman,1124 Manufacturers Crossing
6086594929,Anselm,Egdal,780 Tomscot Pass
8245342416,Wally,Boys,79652 Anniversary Point
8046982431,Junette,Hartnup,171 Barnett Center
2676617982,Terencio,Giacometti,1937 Scoville Terrace
0910013128,Alphard,Foakes,5233 Weeping Birch Plaza
8938077616,Vinson,Quantrill,0546 Texas Place
6701568602,Lindy,Gamble,75632 Debs Drive
1239456344,Karylin,Dominik,08033 Pine View Crossing
1586911090,Nikkie,Ilsley,1951 Merrick Place
7331969781,Omero,Fright,10 Manufacturers Alley
3259973192,Zonda,Langfitt,5852 Waywood Hill
1722134909,Sansone,Stollard,7400 Sugar Park
5930023921,Mahmud,Rawlin,73 Washington Street
0947895086,Earlie,Lomath,114 Oakridge Crossing
3650837528,Caesar,Itzkin,820 Waubesa Park
8585153148,Emery,Jaeggi,8991 Sycamore Avenue
3380292516,Orella,Stoop,5523 Porter Court
1550338846,Gus,Casassa,681 Mariners Cove Avenue
8989795729,Karissa,Lorriman,2 Forest Dale Crossing
8276855962,Tades,Hannis,10037 Armistice Circle
9971170000,Frankie,Bailie,4127 Superior Court
3831547564,Mada,Boxer,54 Artisan Junction
5884540752,Thia,Huleatt,474 Talmadge Way
5736385775,Dionne,Whittock,389 Vernon Point
2336004305,Andy,Shackesby,7 Hagan Trail
9050487343,Dionne,Bellee,66165 Lakewood Gardens Way
6916435267,Caressa,Heel,51041 Garrison Crossing
3014153907,Jamil,Matterson,5216 Main Court
0105430145,Theda,Lello,86117 Hayes Alley
8082725311,Enrichetta,Tuther,40100 6th Drive
3735947174,Nanon,Kerrod,67 Huxley Hill
2967721069,Lorie,Seed,30 Schmedeman Junction
5761158434,Caressa,Matts,0770 Shoshone Street
9137336231,Eran,Yearnsley,980 Bonner Alley
8469953125,Gigi,Williamson,8904 Autumn Leaf Place
6830049628,Jo-ann,Stuchburie,8 Monterey Park
5021565516,Jimmie,Wookey,6054 Nova Lane
4258614785,Tannie,Bummfrey,637 Ramsey Street
7865399251,Eba,Jerson,9 Sommers Hill
5202457553,Marni,Reinard,869 Novick Hill
6147170163,Chan,Di Gregorio,3906 Bunting Alley
5123146849,Edeline,Crebo,83154 Bluestem Point
7825209877,Margaretha,Biasini,38354 Roxbury Park
2974547370,Katherine,De Witt,9 Hoard Point
8113427376,Willi,Wharby,29 Corry Parkway
3822425788,Elene,Petlyura,8599 Messerschmidt Center
8539762145,Robin,Regenhardt,37 Kedzie Court
3971465757,Phillipe,Wolfenden,339 Walton Avenue
7041998150,Karlik,Budnk,9 Hollow Ridge Court
7840116612,Randi,Draisey,5 Merchant Way
0521383471,Dee,Swarbrigg,47565 Scoville Place
5304919556,Sonnie,Bain,9 Wayridge Park
4563243922,Averyl,Sizzey,17 Northland Street
9662694439,Hilton,Rivelon,454 Jana Trail
0135281970,Dode,Rasher,22557 Old Shore Junction
1700356712,Costanza,Hanby,1 Manufacturers Avenue
6726657722,Colline,Grishakov,4 Garrison Point
2801903337,Denys,Dupre,207 Helena Park
5096244997,Juditha,Allso,23644 Jana Pass
9374392097,Jenelle,Bridgett,7 Longview Way
8181674545,Sarena,Funcheon,75070 Marquette Place
8973864742,Kinsley,Leonardi,238 Florence Lane
7120748440,Esme,Keyden,649 Rieder Avenue
6534855925,Christophorus,Glowach,5209 Northport Junction
4631493496,Margaux,Haddrell,916 Nevada Pass
0599683589,Perceval,Buttler,58 Oakridge Avenue
0817088016,Moore,Coltan,532 Transport Way
7173454530,Lamar,McManus,2 Talisman Court
8210083430,Shawnee,Clipson,4 Russell Court
6932946882,Harold,Patek,7 Tony Trail
0334238226,Quinta,Braine,230 Stuart Alley
4444852917,Tanny,MacGibbon,1 Hauk Park
4038638278,Ebenezer,Collomosse,75 Autumn Leaf Alley
8552552566,Thorvald,Cleugh,83125 Crest Line Avenue
9191232449,Nealy,Romagosa,1 Jay Alley
6913202873,Ferrel,Towsey,3469 Paget Court
2209523591,Naoma,Panton,39477 New Castle Point
3465083040,Hollyanne,Bockmann,6222 4th Alley
8927734599,Ruby,Campion,96 Spenser Road
7432898855,Alexa,Harmes,25 Vahlen Junction
5013864070,Barrie,Sancho,021 Jay Avenue
0898421888,Darice,Deacock,9 Homewood Park
1386047198,Waring,Stearndale,38311 Packers Plaza
5684386970,Edd,Dedman,5486 Holmberg Park
9448744706,Katuscha,Yegoshin,327 Gulseth Plaza
7888987885,Pacorro,Aberchirder,0474 Havey Circle
5163692720,Lilah,MacIllrick,04 Pawling Center
3915605409,Alexio,Kinchington,5 Swallow Pass
9508230789,Klement,Ballefant,785 Gina Center
6457739512,Scarlett,Terrill,32003 Wayridge Alley
7129830824,Leonidas,Custance,37411 Moose Parkway
8489381046,Mackenzie,Madelin,20939 Mariners Cove Place
5833417279,Starla,Teasdale,8 Nevada Pass
8647573447,Bord,Scrivens,89 Hooker Crossing
2975986106,Elbert,Caught,2 Lyons Hill
4081104646,Thane,McIlwraith,23 Fulton Point
6971785916,Shirley,Mair,1 Buell Terrace
8662393098,Sheilakathryn,Duckering,7103 Blackbird Alley
9381445044,Valera,Bansal,26080 Melby Trail
4792222257,Berry,Ousley,81681 Troy Terrace
7713822208,Loren,Jaulmes,7343 Delladonna Drive
2595975889,Ellwood,Faircloth,1 Badeau Pass
1573300012,Tybi,Ipwell,61 Hallows Center
2448269378,Dianne,Donovin,6354 Schlimgen Drive
5238574428,Chloe,Davidovics,02 Summit Point
1411986253,Caspar,Merring,2056 1st Place
6806898416,Thedrick,Parmeter,868 Memorial Parkway
2367316341,Kellen,Ashtonhurst,1818 Summerview Plaza
7649274667,Erda,Dowty,7 Blaine Way
1967860580,Olenka,Fortescue,96365 Hanover Trail
3611560596,Brandy,Logesdale,272 Eagle Crest Center
9323221619,Bonita,Spadazzi,55075 Granby Pass
2754589406,Ly,Lening,8 Parkside Park
6271859933,Chicky,Kowalik,827 Northland Junction
4285147572,Christi,Boss,9 Crowley Avenue
1487193696,Riane,Simonyi,5238 Anhalt Center
3533933342,Nolana,Caze,6170 Bobwhite Pass
5536216872,Brocky,Smeeth,5998 Cherokee Hill
6684607633,Norene,Rolls,51098 North Crossing
3937526773,Orv,Frensche,87101 Moose Alley
9859986045,Joly,Droghan,22 4th Avenue
3581146770,Marice,Meachan,573 Cascade Place
5539639537,Warden,Lies,85572 Pawling Drive
0985940360,Lancelot,Reinert,097 Hollow Ridge Trail
7684370863,Lorilyn,Beddon,97 Fisk Road
9334809736,Sheilah,Laimable,64124 Kings Pass
6606835003,Cristine,Meert,57 Schurz Pass
8218138722,Hallie,Kett,4210 Rusk Alley
1629423386,Cissiee,Tilford,02149 Quincy Terrace
7417181406,Mariska,Bensley,75 Buell Trail
7717284405,Ivette,Bohler,09 Brentwood Way
2041262168,Winnah,Vlach,9847 Center Alley
8580198984,Randene,Dittson,88745 Loomis Drive
4651310761,Rita,Fuzzens,136 Spohn Street
4102790586,Idalina,Lowndsbrough,8 Eliot Way
5497316573,Saba,Bertelet,04413 International Plaza
2840384558,Sumner,Guilford,9 Buhler Place
9515940583,Zita,Phillipp,92 Little Fleur Court
1123654514,Silvanus,Perrington,22 Sloan Junction
1142371441,Gian,Hurll,3 Walton Circle
7514215468,Shelden,Mahmood,2 Leroy Place
3168210412,Rustin,Portch,193 Packers Crossing
3896268295,Annabel,Marunchak,24091 Waxwing Park
0460384546,Idell,Deevey,206 Cordelia Avenue
7005525248,Nissy,Fraanchyonok,514 Northport Street
6961457983,Paolo,Broe,9629 Merrick Parkway
8864121463,Catlin,Portinari,9 Kensington Court
0490853080,Charles,Sivier,82 Helena Center
2895526397,Eulalie,Antognoni,9378 Troy Trail
5560912840,Basilio,Able,20 Ridgeview Park
5337691902,Prinz,Botler,58 Onsgard Crossing
3157573756,Bradly,McArtan,258 Grim Hill
7299229374,Cal,Willshaw,735 Rutledge Place
6735242572,Zenia,Norfolk,25258 Corry Drive
2076245162,Fred,Kenlin,116 Sunfield Drive
6097769997,Quentin,Oldershaw,19260 Del Mar Drive
7032254624,Garnet,Fice,64 Northview Place
0960123393,Joanne,Mordey,4 Moland Plaza
2290482536,Heinrick,Popplestone,22491 Northridge Street
3223233253,Golda,Trippett,9043 Charing Cross Park
1753519179,Woodrow,Devinn,2445 Independence Lane
0600058204,Ingelbert,De Francesco,74287 Shopko Court
5507922519,Grace,Garrow,421 American Trail
7036399821,Sebastiano,McGreay,4 Center Road
8078114486,Kelsy,Spradbery,2901 Northwestern Parkway
3345858444,Dollie,Dell Casa,64 Summerview Terrace
0197163939,Kassi,Shepley,81 Continental Court
0472468839,Orrin,Elldred,48470 Gateway Parkway
6832973128,Rahel,Kirsopp,2625 5th Avenue
6931152106,Maximo,Bouldstridge,7243 Manitowish Point
8731086802,Nealy,Syers,43043 Lunder Lane
7221914982,Frazer,Grayley,50 Lighthouse Bay Junction
9308938966,Marylynne,Quarrell,573 Prentice Plaza
8376343483,Siusan,Whight,103 Spohn Street
5025183022,Thurston,Bennedsen,43760 Novick Circle
5662614474,Lexie,Tume,484 Springview Road
1352113317,Seka,Waldren,2771 Del Sol Center
4930321727,Michaella,Brydson,8681 Raven Avenue
2958744523,Jerrylee,Hallibone,51678 Crest Line Park
1221985884,Nicola,Redhills,36 Hazelcrest Junction
5623015980,Darrell,Gawthorp,5340 Pennsylvania Hill
3060391416,Levy,Davitashvili,14595 Myrtle Street
5875739339,Wanids,Sprade,78096 Sachtjen Hill
3767899019,Holt,Hlavac,696 Sullivan Parkway
5382551839,Ferdinand,Aslie,4 Crest Line Parkway
6218228045,Ingeborg,Mayes,7716 Superior Center
8933656340,Angelo,Tweddell,559 Packers Crossing
0065775163,Edlin,Filchakov,3 Waywood Park
9370088644,Oneida,Leuchars,30566 Fuller Center
9726096707,Janith,Boyles,525 Old Shore Street
9390510848,Rozanne,McEnteggart,4 Fremont Park
3914297077,Nicky,McClancy,418 Transport Alley
3156931438,Patricia,Rigler,1 Miller Street
4252769116,Elvina,Bent,8 Hovde Place
9102659352,Yasmeen,Scocroft,026 Birchwood Terrace
1652123296,Saleem,Minchella,0524 Waywood Pass
1207375659,Isidro,Klas,89363 Vahlen Drive
6654123484,Hamlen,Ledford,2119 Cordelia Pass
4228275419,Dale,McCaughey,27755 Dunning Plaza
2370255900,Lory,Chasmor,31863 Shelley Place
9560954679,Yvor,Latham,60207 Schurz Crossing
3615808010,Delaney,Trobe,306 Eagle Crest Pass
8683374483,Fania,Humphrey,06263 Gina Street
4335478674,Oates,Shrieves,94149 Elgar Place
4550305959,Skippie,Belton,5 Southridge Lane
4790062430,Michele,Roddick,60111 Nancy Crossing
3661756389,Gibbie,Dymoke,981 Novick Plaza
9557204540,Vikky,Lusgdin,10 Sheridan Point
2741322430,Hershel,Tamblingson,76412 Basil Street
2433827957,Harley,Wallwork,7 Gateway Park
6605775384,Lenora,Vogelein,4473 Homewood Point
2809594805,Aloise,Giroldi,00624 Monument Junction
2647318506,Cesare,Trencher,7270 Debs Court
8151994975,Gasper,MacKellen,49568 Calypso Alley
7110331970,Maxy,Conew,978 Merry Court
6991515868,Barbara,Surcomb,01721 Novick Alley
8989406625,Arney,Putterill,4 Packers Plaza
5586666103,Rachel,Sambell,61959 Mallory Crossing
5591660401,Aviva,Way,2882 Pearson Lane
9177478541,Hughie,Keilloh,1522 Canary Lane
0519100786,Rodolphe,Udey,92446 Anzinger Lane
1501034626,Micheil,Haster,6 Division Terrace
4566234983,Vinny,Gerin,4 Homewood Way
2173151134,Gerrilee,Collyear,8 Tomscot Hill
0156201917,Alfie,Jakaway,04457 Carpenter Road
3888579678,Desdemona,Birdwhistle,8 Walton Street
3478298555,Karalynn,Syalvester,0 Westridge Alley
3312589738,Matty,Heatherington,11 Hovde Alley
6990853875,Sondra,Senett,314 Bluestem Road
6374794788,Vinny,Merrikin,55705 Corry Hill
5191110668,Rodolfo,Chamberlaine,74 Mosinee Junction
5015308353,Gae,Deely,984 Westport Point
0599022108,Lucienne,Stive,1 Sauthoff Junction
6327130291,Audre,Cattlow,6 Bluejay Street
7035174397,Ervin,Hrynczyk,6 Hoepker Point
5558217456,Lutero,Pudney,79298 North Place
9664294233,Prent,Ply,7714 Del Mar Way
5220144413,Gilbert,Camamill,0 Leroy Junction
3731559757,Barbey,Schiersch,75 Stang Crossing
2307545565,Layne,Windrass,9 Pine View Street
8923768545,Ardelle,Jaggi,602 Marquette Park
5359647949,Ewen,Bellin,67 Farwell Point
6971217411,Patten,Axton,63569 Meadow Valley Junction
0349638527,Marcellus,Bisiker,78 Hanson Terrace
4674824524,Mari,Shutt,363 Cardinal Hill
1012390829,Early,Mewitt,94491 Sachs Street
7986449934,Antonius,Glendzer,40 Hoepker Circle
0171027078,Cornelius,Ghidoni,29 Tennessee Point
5600197772,Cornelia,Blazhevich,90017 Merry Park
2471122566,Hymie,Wittier,2881 Hagan Hill
8279841520,Kirbie,Satchell,50176 1st Junction
4179109417,Jesse,Arnell,912 Carey Pass
7147446275,Raphaela,Soloway,4 Holmberg Terrace
0221846891,Maisey,Martt,955 Glendale Road
6561120051,Sly,Gommery,9839 Namekagon Hill
3364425213,Barnaby,Rosas,00 Northport Point
7280083080,Olvan,Gilbert,94 Old Shore Drive
4360877684,Milty,Theyer,36 Westport Circle
8084764470,Alec,Passy,95 Pond Pass
0390206989,Adaline,Lodge,208 Autumn Leaf Road
0497099497,Alice,Geill,307 Stoughton Terrace
8837764456,Archambault,Sibson,19673 Sugar Court
2050739966,Benni,Shillito,4 Butternut Hill
0351814892,Fairlie,Hackley,012 Cottonwood Junction
9338283968,Quintin,Lilie,66121 Debra Way
6526702112,Danette,Jenney,01571 Valley Edge Park
8408863754,Phip,Sands,42263 Continental Alley
2713680786,Cyndie,Wreiford,458 Artisan Lane
9280880756,Bel,Rollinson,6695 Johnson Avenue
4123729681,Avivah,Lawlan,23742 Annamark Lane
0554784831,Dari,Wozencraft,76 Superior Court
2891630297,Olimpia,Berceros,8175 Ilene Court
8611909690,Millisent,Kleisel,35 Orin Alley
8566017110,Rafi,Guyton,51517 Mcguire Crossing
4610302691,Haroun,Keggins,53209 Pierstorff Junction
0350715335,Glenda,Calf,496 Bluejay Avenue
7512959176,Bernarr,Liddon,65 Lawn Way
2313430979,Tadd,Jaume,296 Vermont Alley
2238050264,Fredek,Lorie,74767 Debs Way
7861203719,Sissy,Whitehurst,1798 Maple Wood Hill
0018251188,Dunn,Grzeszczyk,580 Butterfield Parkway
7556984958,Karim,Szymoni,2635 Fairfield Avenue
1606134167,Olivier,Benger,69 Twin Pines Lane
2650118679,Fredrick,Spoure,73 Brentwood Hill
4088896157,Dael,Connichie,261 Old Gate Street
2135875619,Hayden,Kinny,48 Orin Avenue
6672882758,Albina,Challoner,7204 Drewry Pass
7985825444,Sue,Beales,1893 Maple Court
3320783181,Amelia,Roiz,1058 Victoria Way
4759006672,Emmery,Newbegin,9 Valley Edge Alley
6958452542,Stephi,Erdes,73098 Hintze Park
5788340551,Brocky,Jamary,75445 Pleasure Pass
3898213986,Drew,Smalles,16 Mendota Junction
7608723033,Guilbert,Aireton,3 Roxbury Plaza
0543377962,Licha,Falck,04146 North Court
3060566933,Wilow,Cicculi,09905 Lakewood Gardens Road
6099958282,Humbert,Stephens,76 Petterle Court
7451151247,Michaeline,Hache,8488 Elmside Alley
1986198510,Emmalynne,Crocombe,1 Cordelia Pass
3280651565,Rebeca,Dooman,4 Waubesa Court
1832385027,Ezekiel,Michel,3428 Rigney Center
8017190085,Ellery,Attac,186 Heffernan Terrace
6157870168,Lelia,Kleen,9 Jenna Street
6758931447,Vernor,Boyd,5619 Valley Edge Lane
8059643134,Brander,Brunsden,183 Maple Wood Street
4521281060,Aksel,Bellworthy,813 Dawn Park
4422450735,Dorry,Purshouse,99 Fairfield Court
5501801280,Clementine,Lademann,191 Lien Lane
8207967005,Jerrylee,Noe,1 Hazelcrest Point
2545157244,Grange,Howlin,38407 Sutherland Parkway
3795089972,Amargo,Rigard,21834 Becker Park
0994609523,Edee,Castell,39 Maryland Plaza
8542011457,Julian,Phippen,849 Fallview Way
0252220137,Mic,MacCallam,437 Sullivan Terrace
2432023722,Park,Cometti,77656 Bluejay Avenue
4808656981,Adria,Rummins,5459 Rutledge Junction
2910010651,Wendell,Moakson,08697 Kropf Terrace
8305791076,Alla,Hulle,864 Tony Parkway
9471074010,Lora,Redolfi,50 Oak Valley Court
2296170358,Suzi,Mc Mechan,828 Mcbride Crossing
0415389135,Mace,Dounbare,2 Crownhardt Hill
8074250261,Neill,Pentycross,9769 Talisman Alley
0767425413,Lem,Saynor,01 Meadow Valley Park
3884184806,Caralie,Dagger,72237 Walton Center
1794929037,Zonda,Annable,75 New Castle Plaza
1103860445,Harbert,Schuricke,9438 Menomonie Crossing
0121489353,Barret,Cranmer,35 Gale Avenue
4125000603,Johnathan,Kingsnorth,31106 Crownhardt Lane
1952285216,Norri,Gross,4751 Bartillon Avenue
7591525999,Bailie,Gosdin,800 Hovde Park
7790731483,Vasilis,Bortolutti,603 Heffernan Lane
9059167139,Jeffry,Brettel,5 Bay Park
3022549768,Valentina,Angel,777 Oakridge Terrace
9642642891,Giraud,Winch,17478 Main Hill
5230411686,Frederich,McNevin,444 Linden Park
6058374286,Lucretia,MacGuiness,9 Maywood Circle
6271801986,Morgan,Bagehot,93 Algoma Place
9844282314,Barrett,Borleace,295 Mayfield Road
5990355955,Elsie,McKern,754 Welch Park
7282589151,Ailis,Kesey,53 Johnson Place
6574907454,Amber,Tournie,29 Hagan Plaza
6076450924,Lenette,Partner,476 Monica Trail
6117787642,Merle,Tregiddo,047 Onsgard Way
2350063240,Les,Cathery,28865 Clyde Gallagher Avenue
7394007626,Helen,Robathon,28 Algoma Plaza
8669954761,Aggi,Buglass,988 Ridgeway Avenue
0179291017,Dimitri,Fullun,0253 West Pass
0698008375,Urson,Ternent,908 Bonner Hill
7334706498,Reece,Ridgeway,12156 Barby Parkway
1517995264,Siward,Tripp,3835 Cascade Trail
4826018959,Laureen,Duddle,1552 Caliangt Parkway
0325548552,Sascha,Genike,23001 Cascade Trail
6934056191,Town,Durnell,0700 Westport Crossing
1081002247,Erhard,Degg,56 Meadow Valley Trail
0176662243,Trumaine,Sans,8864 Del Sol Pass
5832050223,Jonie,Pittson,2 Stang Way
7922767757,Dannel,Leverson,53522 Warbler Street
2650550589,Rochella,Prowting,86662 Rutledge Drive
8172184433,Mable,Hagley,9339 Evergreen Street
4386822771,Marna,Peach,7044 Homewood Trail
1882244540,Deva,Viccars,8 Milwaukee Way
4240990459,Shari,Stirley,81 Mayfield Terrace
0505832186,Millicent,Heijnen,1 Superior Court
7757860482,Amil,Timmes,1791 Meadow Vale Crossing
9014982097,Agosto,Ponder,3 Sherman Way
4590137097,Porty,Firpo,888 Merry Center
9298560605,Fax,Palia,76 Division Junction
6058530997,Terri-jo,Cant,42659 Prairie Rose Way
8570717288,Karlene,Braybrookes,1489 Pond Plaza
9338566730,Lottie,Manklow,39 Talisman Lane
6560315304,Di,Goodbody,08832 Mosinee Crossing
0487314352,Goran,Fodden,1 Evergreen Terrace
1546833471,Cherrita,Greville,1 Northfield Park
6269509203,Frederique,Bottrell,7321 West Road
9504767427,Malcolm,Dimitrov,463 Sommers Road
9138852861,Archie,Liggins,4143 Heath Terrace
7540974516,Hi,Attrie,6082 Lakewood Hill
2139818067,Efren,McGaughie,8543 Annamark Street
2556349425,Prissie,Ovenden,283 Monument Place
3763910964,Quint,Samme,00 Corben Trail
2872197435,Harlene,Blewis,00322 Columbus Terrace
7402293858,Ara,Lucian,6 Knutson Drive
4280715459,Orville,Hurich,76850 7th Junction
7092551900,Harley,Goolding,8 Acker Road
4154279912,Stoddard,Champagne,8986 Trailsway Alley
7186980570,Earl,Tousy,83878 Magdeline Way
9384835714,Blayne,Kharchinski,21 Dryden Avenue
6962486561,Claudette,Carncross,9912 Towne Point
9183886397,Joanna,Esparza,98 Russell Terrace
3524645542,Beniamino,Semered,374 Bellgrove Plaza
5833602238,Gabriel,Huygens,13143 Morrow Plaza
1782856455,Celene,Dog,5112 Bashford Drive
3724322879,Gaby,Philippet,3637 Crowley Street
3653817803,Augusto,Palmar,6 Haas Point
7307886081,Danella,Gaitone,96497 Russell Lane
3425609408,Kathlin,Bland,2 Waxwing Way
7944778212,Prescott,Swanborrow,54 Esker Pass
7737222766,Courtnay,Worts,4309 Morning Parkway
4447030551,Wake,Jocelyn,6 Summerview Road
2219963276,Bennett,Daybell,4 Corscot Pass
2193797714,Marten,Mattingley,48 Fieldstone Alley
8804249560,Charlean,Cheesman,1 Morrow Plaza
0573976546,Kassey,Krolle,4902 Vermont Crossing
9668827422,Cirillo,Endle,0536 Mcbride Hill
0767996429,Logan,Boyd,8 Tennessee Pass
3110828286,Arni,Keming,9 Arapahoe Alley
3665853710,Aveline,Peaddie,13475 Thierer Crossing
9293330369,Isidore,Daniell,2 Paget Hill
6112981556,Dukie,Cussins,81 Hoard Court
8237322584,Moyra,Bazeley,56 Dahle Lane
8383884052,Fabian,Cholerton,217 Stang Parkway
6134480266,Buiron,Keeler,80579 Cody Pass
7268470274,Dinah,Lowrance,3 Dunning Center
7834366335,Jodee,Lakes,75 Jenifer Lane
4102625135,Janet,Giamuzzo,00 Dottie Circle
6780820210,Ringo,Inchan,78 Cordelia Hill
1094847909,Obidiah,Tammadge,725 Northridge Parkway
1778560474,Curtis,Lubman,95823 Upham Avenue
6718137979,Lee,Lippatt,78 Marcy Place
6563505414,Stefa,Orrock,754 Rieder Hill
4144718328,Grete,Honniebal,24727 Quincy Circle
5163459430,Gustie,Barkley,56142 Stoughton Hill
0077434218,Ado,Plane,5808 Victoria Center
0165667028,Shayla,Oakton,7 Dorton Parkway
7293395612,Reg,Drohan,3 Hintze Place
9206503294,Giavani,MacIlory,0463 Anniversary Alley
3740087536,Polly,Tebboth,4 Dorton Terrace
1134946686,Carla,Pedrol,9086 Fallview Trail
2964104085,Nedi,McKeighan,1 Southridge Park
7454995071,Morgan,Macourek,6 Loeprich Point
5795137650,Mitzi,Matton,5 Old Gate Circle
4544004993,Gris,Hitzschke,6622 Tennessee Plaza
2003465731,Teodorico,Foskett,9 Reinke Drive
9447978843,Lara,Tooting,8 Merrick Trail
5749357635,Yvette,Birkhead,0 Londonderry Avenue
2300963124,Lacey,Spires,68941 Judy Avenue
2255763583,Tiffanie,Fraczek,672 Coolidge Crossing
3108039407,Rafa,MacCarrane,98 Vernon Drive
6860369205,Eden,Littefair,285 Union Avenue
8499834299,Hart,Bernardotti,9245 Bultman Alley
2730324550,Orelee,Kerswell,2602 Anderson Pass
8470699962,Faunie,Bratcher,99 Southridge Point
5690831832,Neila,Egalton,6 Buhler Circle
3491548667,Madelina,Palfreeman,8 Jay Alley
8378340392,Wilburt,Rosendahl,3 Vera Park
3250822701,Franky,Cockley,325 Harbort Pass
0105667552,Sheree,Verrick,09 Burrows Hill
7446217529,Erin,Dugdale,10 Norway Maple Circle
3009540329,Kippar,Wix,612 Red Cloud Way
6590634645,Marisa,Mallebone,73 Carberry Court
7936242082,Horace,Prynne,8425 Pearson Trail
6092005549,Enrique,Warlawe,989 Sugar Road
4145723058,Norbert,Kun,9492 Browning Park
8879125427,Lynna,Ericssen,337 Manley Place
2709930633,Joelynn,Ivatt,4 Declaration Center
2942143878,Waldemar,Softley,88 Merrick Point
0257734864,Devondra,Powelee,2 Nobel Hill
4036743902,Colman,Sheber,1 Lotheville Hill
5439519890,Clemmie,Capron,2 Nobel Avenue
3758527252,Gerald,Abele,9 Anzinger Road
0631803254,Timothy,Leve,2051 Del Mar Junction
9999677770,Neile,Euesden,3064 Mcbride Center
6926009457,Adrea,Rosenbusch,01 High Crossing Road
5173563710,Judye,Fumagallo,29512 Sunnyside Place
2612774211,Chandra,Chastel,0 Waxwing Circle
4674278201,Umeko,Tumilson,603 American Ash Center
2067774743,Tamarra,Evison,00932 Manufacturers Court
4593373107,Aurie,Schechter,4 Larry Terrace
3199233880,Tyne,Poulston,6544 Del Mar Hill
4204846432,Currey,Garber,33 Ruskin Court
6930629448,Raynell,Lenchenko,3282 Farragut Street
1855937751,Kent,Emson,468 Tony Park
0367445654,Adaline,McGenn,51 Thompson Avenue
4630017992,Gabriel,Godsal,8 Stone Corner Place
1118230779,Sunny,Gerrans,257 Express Circle
8511510273,Zebulon,Powner,51 Golf Course Street
2472896344,Mylo,Hatley,3 Moulton Avenue
8289462425,Renelle,Mitchel,2533 Green Point
0039208257,Thoma,Bardell,8 Summit Crossing
1189898039,Adara,Robey,32 Golf Drive
8481869139,Ludovico,Aisman,77019 Vernon Place
1224707796,Ash,Treadaway,1350 Anderson Terrace
3526322201,Johnnie,Chell,9878 Hintze Alley
1201417546,Tedd,Snedker,7 Granby Park
4362146032,Armando,Rawling,9 Northwestern Plaza
9383904798,Harland,Whether,56 Nancy Terrace
0528022393,Monro,Robelin,94588 Sycamore Terrace
0922329842,Phebe,Howells,045 Stephen Pass
2704631913,Irita,Easterling,2 Melody Center
5551126188,Morlee,Nassie,4652 Loftsgordon Trail
0175385483,Lynne,Mitten,4047 Roxbury Trail
4213375013,Stace,Reeday,104 Northport Road
4735524363,Carmelia,Sommerling,817 Clemons Terrace
4856214888,Bettine,Tieraney,2926 Annamark Circle
2423936427,Charleen,Verrico,60718 Dixon Plaza
5577281067,Jourdain,Larraway,228 Holy Cross Alley
5726261151,Latashia,Catling,4 Porter Street
9402724346,Rog,Shewsmith,2055 3rd Drive
1958798568,Zebedee,Farnish,8488 Scofield Parkway
0593473817,Huey,Tasseler,5 Stoughton Point
8087940091,Jaquelin,Lamberth,8976 Memorial Street
1065247206,Cobby,Stoggles,60753 Kingsford Trail
2344194320,Monica,Cramer,03072 Prairieview Point
2377247717,Lizabeth,Bakesef,147 Eagan Way
6377776128,Juliann,Rowland,78040 Warner Street
0631442936,Heinrick,Hecks,43590 Little Fleur Lane
9748077845,Lonna,Profit,17 Holmberg Pass
5945111430,Farica,Tuxill,3183 Moland Crossing
2242255916,Berty,Towhey,517 Mcguire Trail
3083450249,Roseanna,Dykins,5021 Starling Parkway
7830692645,Forrest,Belloch,8992 Lake View Pass
1688503528,Colly,Leask,406 Towne Way
0862015669,Ambrosio,Sim,7 Hintze Alley
0524313016,Gerrilee,Oates,937 Annamark Terrace
3310431444,Keir,Shorey,4289 Lunder Center
7682923105,Toddie,Molineux,39 Helena Place
5498263228,Florencia,Ixer,69 Tony Junction
1787918653,Adda,Loftie,43 Cardinal Way
1961849860,Leyla,Amorine,69 Nelson Center
2002409331,Colette,Grigorey,926 Kipling Avenue
4983150501,Renado,Bellard,4 Marcy Alley
9167169104,Kerry,Casoni,80 Express Terrace
2793053023,Clair,Greson,9 Iowa Pass
5318625452,Jobyna,Brayley,868 Oak Plaza
0365886831,Britteny,Frickey,077 Butternut Street
2082549267,Ulrica,Leverage,2 John Wall Avenue
6892497438,Nial,Paddie,3869 Evergreen Center
2375128869,Don,Andrivot,3029 Shoshone Way
3949174850,Mignon,Laurenzi,8 Raven Plaza
3758255368,Tamera,Bridgewater,722 Mallory Trail
0495498823,Tab,Bloor,23900 Troy Plaza
4619800686,Peyter,Deem,02609 Bluestem Street
9434487773,Harley,Diment,5 Fairfield Avenue
1440169799,Tann,O'Bruen,78 Arkansas Crossing
2327322030,Penrod,Sutherland,450 Burrows Parkway
7253903137,Dewain,Lassen,18928 Lakewood Circle
5639015497,Emilie,Mynott,04 Hoffman Center
2213884757,Cash,Biesinger,643 Cascade Lane
7384231272,Finlay,Haslen,8883 Oakridge Pass
4640123515,Camille,Castiblanco,95245 Harbort Street
2290077631,Dwain,Jimpson,3570 Steensland Way
1258714809,Felipe,Benez,10 Alpine Lane
5835575858,Laurette,Castri,95139 Johnson Park
9295473361,Gilberte,Staresmeare,672 Oriole Court
1684170036,Sigismundo,Beeden,6 Golf Course Trail
5607877841,Amandy,Tewes,599 Morningstar Drive
2142175023,Abra,O'Kinedy,43 Oneill Street
5739098742,Shandy,Loudian,75352 Sunnyside Circle
6110314668,Fionnula,Vials,0428 David Lane
9068652427,Cariotta,Gladdish,245 Hudson Place
0588350249,Kara,Janssen,1 Upham Junction
4422649396,Leonore,Miskelly,62 Russell Center
3635816183,Oliviero,Stihl,1 Maple Wood Point
3205943910,Gigi,Vanyard,09 Erie Road
3235207716,Gregor,Searles,85 Jenifer Court
4384814119,Evin,Swadden,4372 Nevada Center
5085778650,Gray,Patman,1068 Graceland Park
8334570481,Olivie,Giorgini,763 Farmco Lane
8696950224,Shaylah,Gerrelt,751 Mcguire Junction
3421461147,Christophorus,Brennon,48 Erie Trail
3814082818,Papagena,Lionel,909 Alpine Road
9733618527,Maggi,Cockin,9623 Buena Vista Hill
4011062561,Danyette,Kleeman,34 Bonner Drive
7206319815,Kerri,Danihelka,59696 Ronald Regan Trail
8218316795,Creigh,Bines,19 Cascade Lane
2160240346,Myrtice,Brasseur,33 Schmedeman Street
0340829311,Sissie,Dennitts,4251 Surrey Park
9600686157,Brandea,Surpliss,77947 Colorado Pass
6380198490,Hamlin,Heddy,34305 Cascade Drive
8487418678,Catharine,Tyers,65297 Beilfuss Terrace
7131451177,Aimee,Drinkel,591 Bartillon Trail
9149673483,Marianna,Barthrup,4 Kings Point
2828936619,Cherrita,McIlwraith,958 High Crossing Point
4843784362,Gib,Sumpton,8841 Village Green Road
6003442212,Larry,Edwins,177 Corry Center
8590859525,Merwyn,Keddie,58 Lillian Parkway
1067551557,Terrell,Cope,0 Barnett Place
9181590636,Theresina,Shelsher,2404 Shopko Crossing
4240327245,Haydon,Edmondson,4841 Old Gate Road
5389270347,Margalit,Doerffer,68 Red Cloud Alley
5282004119,Bunni,Wildber,4301 Di Loreto Terrace
8163721324,Akim,Rochewell,09 4th Park
3997904707,Blaine,Pippin,0856 Briar Crest Road
4526802107,Noell,Baccus,67 Barby Alley
3786055734,Devina,Slixby,2727 Debra Parkway
5405361615,Gabi,Alcott,16749 Toban Lane
5340537846,Franciska,Mattheus,6904 Kim Avenue
0879954892,Vivie,Neljes,62319 New Castle Parkway
4736638389,Dominik,Lefever,805 Golden Leaf Point
8908300074,Carena,Ellwood,7078 Carpenter Road
1243487305,Elijah,Creboe,53935 Cottonwood Trail
2750899818,Winn,O'Tierney,9687 Jenna Drive
0308590503,Roy,Forshaw,7 Marcy Way
2808941579,Nanete,Snoxill,1955 Eagan Circle
6156521437,Chas,Ray,95049 Upham Hill
3001505397,Jimmie,Pinshon,14554 Mayer Way
0917120973,Banky,Klich,73305 Hoffman Street
8484893170,Regen,Gerant,311 Fulton Park
1246422484,Farly,Cullivan,7269 Armistice Parkway
0604153864,Inesita,Keemar,081 Rowland Park
9122588299,Shermie,Lillywhite,75 Mallard Alley
0492660859,Court,Twamley,86 Golf View Alley
6629529898,Alanah,Huey,205 Bultman Trail
6716038620,Bridget,Harrow,6059 Southridge Alley
6956805502,Elset,Pales,59591 La Follette Hill
5213633781,Meghann,Anfonsi,23 Esch Court
5413502842,Karlotte,Baillie,0 Clyde Gallagher Junction
0569329620,Edsel,Gaskill,281 Farragut Plaza
8941480337,Cob,Pillington,49639 Northland Terrace
7383550900,Marabel,Caldeyroux,535 Harbort Center
9152505111,Michell,Rankcom,4177 Green Place
6591290214,Saunderson,Woliter,6776 Chive Park
4789848310,Duke,Janikowski,12 Waywood Alley
4680225580,Celka,Coundley,5217 Mayer Lane
0732075424,Ora,Cescon,42182 Messerschmidt Plaza
5190974154,Ned,Getty,1 Schmedeman Plaza
6256194020,Vittorio,Crone,56840 Charing Cross Court
5145837259,Stinky,Ganforthe,1460 Kim Way
5993379103,Dante,Edison,440 Londonderry Trail
5852406066,Mellisent,Beare,564 Linden Park
1521784329,Fidel,Valentinetti,9 Sachtjen Plaza
2619114357,Mel,Croll,31633 Pierstorff Pass
2449408495,Joli,Treagust,0 Shelley Point
8394198996,Jeffrey,Luetkemeyers,13 Prairie Rose Plaza
1112064575,Hobey,Quilkin,44539 Tony Point
9572051105,Winonah,Coronado,000 Sycamore Crossing
1786381478,Florette,Fluit,17195 Pawling Crossing
0007515006,Roobbie,McSwan,08 Gina Road
6457560970,Linea,Panniers,6 Commercial Alley
6559559203,Florri,Nornasell,9678 Loftsgordon Drive
6631921406,Erik,Dietz,2 Annamark Crossing
3268482333,Davina,Burberry,4952 Montana Crossing
4126589775,Rosalinde,Gotfrey,995 Northfield Terrace
5757246200,Alyosha,Rao,81 Bartelt Trail
6901948441,Ddene,Paley,5358 East Lane
4063209075,Kata,Tourle,02256 Springview Terrace
5374158341,Gradey,Yakunin,5658 American Terrace
0476625017,Adelaide,Nutten,1330 Pleasure Hill
1324879505,Barrett,von Hagt,7636 5th Lane
6980810278,Waverly,Aleksidze,560 Carioca Circle
8311215863,Dana,Bryce,8886 Laurel Pass
2441331647,Clair,Warricker,8 Hazelcrest Parkway
3338764308,Denni,Starzaker,61 Hintze Junction
3101980682,Charla,Schooling,2 Bluejay Plaza
6011142494,Trudie,Crocket,36693 Kings Avenue
5850326677,Kelsi,Cullivan,8 American Junction
6094199006,Linnea,Scorah,88 Anhalt Plaza
9409696402,Gillan,Gleave,365 Gerald Center
9130548349,Eric,Tadman,20033 Jackson Lane
0605676577,Tuesday,Ortzen,0 Fairfield Road
0761527958,Merci,Wooding,7442 Bowman Avenue
4493260874,Patrica,Collihole,13 Utah Lane
6524768221,Kayley,Deppen,81 Upham Trail
5744252819,Christen,Ericssen,0540 Summerview Crossing
6591036148,Melvin,Fillingham,06318 Katie Lane
1272911721,Jelene,Donne,021 Kennedy Circle
1529317614,Even,Allen,572 Anniversary Center
7806857419,Tatum,Pessolt,54137 Stephen Place
4684997928,Joleen,Kupka,76495 Bartelt Lane
8340477706,Abrahan,Ivkovic,61062 Nova Road
4092483066,Reider,Burgise,09 Independence Street
8603478074,Gino,Heatherington,3 Texas Avenue
3128211914,Joaquin,Brigdale,4 Golf View Place
2049755120,Jeff,Jaye,7080 Little Fleur Road
2191905307,Maurie,Acom,296 Killdeer Alley
6400543627,Maximo,Darco,25441 Scott Center
3912422745,Ced,Yurchenko,69 Melby Circle
8494782568,Laurella,Fencott,884 Eagle Crest Way
9635306296,Jude,Wince,7 Sutteridge Trail
9471684188,Sheeree,Smurfit,428 Kinsman Parkway
6855855121,Chrissie,Richens,0768 Goodland Street
3164135017,Rivy,Bettam,0587 Del Sol Pass
6287689846,Andriette,Willock,5 Vera Crossing
2885210095,Maris,Hellis,23901 Sycamore Junction
7924633138,Dex,Barthrop,35 Luster Park
5096468186,Salmon,Northill,21945 Reindahl Pass
9429779982,Celestyn,Doust,3076 Dovetail Center
4540942700,Renelle,Capstack,556 Prairie Rose Plaza
1481019341,Bianca,Windrus,3 Little Fleur Court
4143681331,Erminia,Blaisdell,6142 Evergreen Street
6812096342,Thibaut,Pozzi,34192 Goodland Parkway
0126265623,Bobbye,Moff,14127 Gale Way
8658655237,Ann,Baldry,6 Thackeray Lane
9104938755,Dewie,Dowdeswell,32 International Pass
6433410847,Brett,Yvens,2 2nd Plaza
3584607035,Joan,Cribbins,62476 Butterfield Park
4320184696,Adriane,Faragan,37 4th Circle
2775051421,Perry,Ames,87 Hooker Pass
6886812572,Debra,Ivankovic,14708 Surrey Plaza
8252909302,Thebault,Eede,5 Cody Street
3140869207,Ethyl,Kalinsky,3975 Esker Plaza
0981932037,Thain,Scarrisbrick,17 Spohn Road
9051548745,Mariam,Corinton,7 Service Street
8646287173,Cherie,Queree,1 Talisman Circle
0410030619,Melisande,Tyler,56110 Pennsylvania Drive
1621156923,Reina,Biddiss,761 Wayridge Pass
7088861844,Barrie,Whiteson,30524 Mcbride Drive
8128830252,Cherry,Fills,2213 Esker Road
